id,parent_structure_id,depth,count,volume (mm^3),density (cells/mm^3)
10000,-1.0,0.0,2817057.5,253.297921875,11121.518404679964
10001,10000.0,1.0,2587485.0,225.007921875,11499.528454102347
10002,10001.0,2.0,2046358.0,137.983015625,14830.506426685439
10003,10002.0,3.0,1839092.5,110.7961875,16598.878909980544
10004,10003.0,4.0,1794301.0,106.3434375,16872.700771968182
10005,10004.0,5.0,1031613.0,61.67009375,16727.929816062584
10006,10005.0,6.0,8354.5,0.486109375,17186.461380219214
10007,10006.0,7.0,1750.0,0.126671875,13815.221413593192
10008,10006.0,7.0,2336.0,0.117,19965.811965811965
10009,10006.0,7.0,3541.5,0.18575,19065.948855989234
10010,10006.0,7.0,720.5,0.05615625,12830.272676683362
10011,10006.0,7.0,6.5,0.00053125,12235.294117647056
10012,10005.0,6.0,165915.5,12.226390625,13570.276387271897
10018,10012.0,7.0,80176.5,5.676359375,14124.634242348338
10019,10018.0,8.0,7773.0,0.665328125,11682.957187477983
10020,10018.0,8.0,26118.0,1.844640625,14158.85546812133
10021,10018.0,8.0,23828.5,1.6365625,14560.091655527975
10022,10018.0,8.0,21456.0,1.438171875,14918.94006062384
10023,10018.0,8.0,1001.0,0.09165625,10921.241050119334
10024,10012.0,7.0,85739.0,6.55003125,13089.861212494216
10025,10024.0,8.0,13813.5,1.159859375,11909.63344155407
10026,10024.0,8.0,24341.0,1.902859375,12791.80181141867
10027,10024.0,8.0,32351.5,2.261203125,14307.20647885183
10028,10024.0,8.0,14892.0,1.188921875,12525.633780604803
10029,10024.0,8.0,341.0,0.0371875,9169.747899159664
10030,10005.0,6.0,275217.0,16.666015625,16513.6650650416
10037,10030.0,7.0,189821.0,12.1554375,15616.138867893484
10044,10037.0,8.0,24657.5,1.5095625,16334.202790543619
10045,10044.0,9.0,3084.5,0.202515625,15230.923539850319
10046,10044.0,9.0,5066.5,0.32015625,15825.085407515864
10047,10044.0,9.0,3383.0,0.273953125,12348.827924485257
10048,10044.0,9.0,4954.5,0.283515625,17475.227335354095
10049,10044.0,9.0,7826.5,0.402546875,19442.456235686834
10050,10044.0,9.0,342.5,0.026875,12744.186046511628
10051,10037.0,8.0,44819.0,3.144515625,14253.069580469966
10052,10051.0,9.0,7599.5,0.41946875,18116.963420993816
10053,10051.0,9.0,10577.0,0.75809375,13952.10025145307
10054,10051.0,9.0,7101.5,0.641375,11072.305593451569
10055,10051.0,9.0,8016.0,0.6041875,13267.40457225613
10056,10051.0,9.0,10449.0,0.64875,16106.358381502889
10057,10051.0,9.0,1076.0,0.072640625,14812.64788126479
10065,10037.0,8.0,12955.0,1.17609375,11015.278331340509
10066,10065.0,9.0,1704.0,0.14996875,11362.367159824962
10067,10065.0,9.0,3526.5,0.32334375,10906.34966657002
10068,10065.0,9.0,1269.5,0.13634375,9311.02452440981
10069,10065.0,9.0,2614.5,0.2776875,9415.259959486833
10070,10065.0,9.0,3531.0,0.26378125,13386.091695296765
10071,10065.0,9.0,309.5,0.02496875,12395.494367959946
10072,10037.0,8.0,63984.5,3.1075,20590.345937248592
10073,10072.0,9.0,6044.0,0.39221875,15409.768145964465
10074,10072.0,9.0,15273.5,0.749703125,20372.730872637083
10075,10072.0,9.0,13195.0,0.473421875,27871.546915739793
10076,10072.0,9.0,10841.0,0.60925,17794.00902749282
10077,10072.0,9.0,17849.5,0.8255625,21621.015973957154
10078,10072.0,9.0,781.5,0.05734375,13628.337874659403
10079,10037.0,8.0,27975.0,1.88615625,14831.751081067649
10080,10079.0,9.0,3365.5,0.231265625,14552.530234443617
10081,10079.0,9.0,7226.0,0.48934375,14766.715626796089
10082,10079.0,9.0,4154.5,0.261640625,15878.650343386083
10083,10079.0,9.0,5127.0,0.3961875,12940.842404164694
10084,10079.0,9.0,7692.5,0.47053125,16348.542206282793
10085,10079.0,9.0,409.5,0.0371875,11011.764705882353
10086,10037.0,8.0,7791.5,0.700359375,11125.002788746848
10087,10086.0,9.0,1422.5,0.102109375,13931.140015302219
10088,10086.0,9.0,2205.0,0.211515625,10424.761764054074
10089,10086.0,9.0,853.5,0.076625,11138.662316476346
10090,10086.0,9.0,1565.0,0.176765625,8853.531335631575
10091,10086.0,9.0,1472.0,0.116234375,12664.067751041806
10092,10086.0,9.0,273.5,0.017109375,15985.38812785388
10093,10037.0,8.0,7638.5,0.63125,12100.59405940594
10094,10093.0,9.0,1242.5,0.083015625,14967.061923583664
10095,10093.0,9.0,1996.0,0.1659375,12028.625235404896
10096,10093.0,9.0,685.5,0.093875,7302.263648468708
10097,10093.0,9.0,1286.5,0.1288125,9987.38476467734
10098,10093.0,9.0,2271.0,0.147421875,15404.76947535771
10099,10093.0,9.0,157.0,0.0121875,12882.051282051281
10100,10030.0,7.0,85396.0,4.510578125,18932.38463750143
10101,10100.0,8.0,11616.5,0.623453125,18632.51547580261
10102,10100.0,8.0,17986.5,1.07234375,16773.07300014571
10103,10100.0,8.0,15712.0,0.58265625,26966.157146688125
10104,10100.0,8.0,19121.5,1.09278125,17498.012525379625
10105,10100.0,8.0,19640.5,1.03634375,18951.723306094143
10106,10100.0,8.0,1319.0,0.103,12805.825242718447
10107,10005.0,6.0,15304.0,0.883828125,17315.583841598163
10108,10107.0,7.0,1403.0,0.098875,14189.633375474084
10109,10107.0,7.0,3889.0,0.201015625,19346.754760979402
10110,10107.0,7.0,1628.5,0.073796875,22067.330086809234
10111,10107.0,7.0,5265.0,0.272171875,19344.394052471438
10112,10107.0,7.0,3031.5,0.2186875,13862.24635610174
10113,10107.0,7.0,87.0,0.01928125,4512.155591572124
10114,10005.0,6.0,21099.0,1.17634375,17936.083734027576
10115,10114.0,7.0,3241.5,0.16690625,19421.08219434563
10116,10114.0,7.0,3740.0,0.271078125,13796.760620208657
10117,10114.0,7.0,2103.5,0.091109375,23087.635054021608
10118,10114.0,7.0,6929.0,0.35278125,19641.066524935777
10119,10114.0,7.0,4767.0,0.269078125,17716.044364438767
10120,10114.0,7.0,318.0,0.025390625,12524.307692307693
10121,10005.0,6.0,55077.5,2.89728125,19010.06331366691
10122,10121.0,7.0,10644.0,0.60696875,17536.32291613036
10123,10122.0,8.0,1863.5,0.09871875,18876.859765748653
10124,10122.0,8.0,2132.5,0.163453125,13046.553866743141
10125,10122.0,8.0,1427.5,0.066390625,21501.529771710993
10126,10122.0,8.0,3347.5,0.17121875,19551.01295856908
10127,10122.0,8.0,1544.5,0.092140625,16762.42157028998
10128,10122.0,8.0,328.5,0.015046875,21831.77570093458
10136,10121.0,7.0,22032.5,1.07509375,20493.5616079993
10137,10136.0,8.0,3055.5,0.1886875,16193.441536932758
10138,10136.0,8.0,3958.5,0.23571875,16793.31830836537
10139,10136.0,8.0,3407.5,0.117359375,29034.749034749035
10140,10136.0,8.0,8065.0,0.35709375,22585.10545199965
10141,10136.0,8.0,2892.5,0.14903125,19408.681065212833
10142,10136.0,8.0,653.5,0.027203125,24022.975301550832
10143,10121.0,7.0,7602.0,0.3053125,24899.07881269192
10144,10143.0,8.0,1048.0,0.056125,18672.60579064588
10145,10143.0,8.0,2117.0,0.07325,28901.023890784985
10146,10143.0,8.0,1413.5,0.0371875,38010.08403361346
10147,10143.0,8.0,2043.0,0.090703125,22524.03100775194
10148,10143.0,8.0,771.0,0.0393125,19612.082670906202
10149,10143.0,8.0,209.5,0.008734375,23985.688729874775
10150,10121.0,7.0,14799.0,0.90990625,16264.312944328056
10151,10150.0,8.0,2279.5,0.14425,15802.426343154248
10152,10150.0,8.0,2417.5,0.1919375,12595.245848257897
10153,10150.0,8.0,2266.0,0.107203125,21137.443521352576
10154,10150.0,8.0,5214.5,0.302015625,17265.662993429563
10155,10150.0,8.0,2227.0,0.141203125,15771.605621334511
10156,10150.0,8.0,394.5,0.023296875,16933.601609657948
10157,10005.0,6.0,150238.0,6.726890625,22333.944221071677
10164,10157.0,7.0,6978.5,0.377265625,18497.577138123837
10165,10164.0,8.0,950.0,0.058296875,16295.899222728493
10166,10164.0,8.0,1546.0,0.09903125,15611.233827705899
10167,10164.0,8.0,1073.5,0.0520625,20619.447779111644
10168,10164.0,8.0,1999.5,0.10153125,19693.444136657432
10169,10164.0,8.0,1123.0,0.055359375,20285.63364380469
10170,10164.0,8.0,286.5,0.010984375,26082.503556187767
10171,10157.0,7.0,8335.0,0.395453125,21077.087202181043
10172,10171.0,8.0,714.5,0.067546875,10577.839463335644
10173,10171.0,8.0,2549.5,0.103828125,24555.003762227243
10174,10171.0,8.0,702.5,0.030125,23319.502074688797
10175,10171.0,8.0,2205.5,0.11346875,19437.06967777472
10176,10171.0,8.0,1827.5,0.068171875,26807.24272289709
10177,10171.0,8.0,335.5,0.0123125,27248.730964467006
10178,10157.0,7.0,13229.0,0.612828125,21586.802988195104
10179,10178.0,8.0,1337.0,0.09240625,14468.718295569835
10180,10178.0,8.0,3942.5,0.150921875,26122.78703799565
10181,10178.0,8.0,2529.0,0.089609375,28222.493461203136
10182,10178.0,8.0,3012.5,0.15721875,19161.200556549393
10183,10178.0,8.0,2149.5,0.10365625,20736.810370817002
10184,10178.0,8.0,258.5,0.019015625,13594.083812654068
10185,10157.0,7.0,85712.5,3.535171875,24245.638693309644
10186,10185.0,8.0,8236.0,0.631125,13049.712814418697
10187,10185.0,8.0,29022.0,1.000015625,29021.54653833534
10188,10185.0,8.0,16544.0,0.5121875,32300.671140939594
10189,10185.0,8.0,14593.0,0.77603125,18804.65509604156
10190,10185.0,8.0,15343.5,0.53453125,28704.589301373868
10191,10185.0,8.0,1974.0,0.08128125,24286.043829296425
10192,10157.0,7.0,5093.0,0.39575,12869.235628553379
10193,10192.0,8.0,829.0,0.094359375,8785.560523265442
10194,10192.0,8.0,1578.5,0.10425,15141.48681055156
10195,10192.0,8.0,388.5,0.017875,21734.265734265733
10196,10192.0,8.0,1689.5,0.121453125,13910.71658304387
10197,10192.0,8.0,585.5,0.05359375,10924.781341107871
10198,10192.0,8.0,22.0,0.00421875,5214.814814814816
10199,10157.0,7.0,14979.0,0.522546875,28665.37092964148
10200,10199.0,8.0,1248.5,0.094328125,13235.713102534372
10201,10199.0,8.0,4432.0,0.1465625,30239.65884861407
10202,10199.0,8.0,2488.5,0.04925,50527.918781725886
10203,10199.0,8.0,3860.5,0.143078125,26981.762585999782
10204,10199.0,8.0,2505.0,0.075609375,33130.81215127092
10205,10199.0,8.0,444.5,0.01371875,32400.91116173121
10206,10157.0,7.0,4060.5,0.24634375,16483.064823036915
10207,10206.0,8.0,519.0,0.0373125,13909.547738693467
10208,10206.0,8.0,1153.5,0.0584375,19739.037433155077
10209,10206.0,8.0,534.0,0.028546875,18706.07553366174
10210,10206.0,8.0,1076.5,0.074296875,14489.169295478443
10211,10206.0,8.0,684.0,0.03953125,17302.766798418972
10212,10206.0,8.0,93.5,0.00821875,11376.425855513311
10213,10157.0,7.0,11850.5,0.64153125,18472.210044327538
10214,10213.0,8.0,1918.5,0.1253125,15309.72568578554
10215,10213.0,8.0,3606.5,0.18690625,19295.769938137437
10216,10213.0,8.0,786.0,0.03025,25983.471074380166
10217,10213.0,8.0,3770.5,0.19259375,19577.47850073016
10218,10213.0,8.0,1627.0,0.09009375,18058.966354491848
10219,10213.0,8.0,142.0,0.016375,8671.755725190838
10220,10005.0,6.0,45796.5,2.78553125,16440.849478892047
10226,10220.0,7.0,23769.0,1.573359375,15107.165201847163
10227,10226.0,8.0,3579.0,0.306203125,11688.319640761341
10228,10226.0,8.0,6132.5,0.30678125,19989.81358867271
10229,10226.0,8.0,10207.0,0.59771875,17076.593297432948
10230,10226.0,8.0,3742.0,0.3501875,10685.7040870962
10231,10226.0,8.0,108.5,0.01246875,8701.754385964912
10232,10220.0,7.0,22027.5,1.212171875,18171.927970198125
10233,10232.0,8.0,1653.0,0.239359375,6905.933807689797
10234,10232.0,8.0,6872.0,0.261859375,26243.0932633212
10235,10232.0,8.0,10851.5,0.49821875,21780.593363858752
10236,10232.0,8.0,2343.0,0.181671875,12896.877956480605
10237,10232.0,8.0,308.0,0.0310625,9915.492957746479
10238,10005.0,6.0,21075.0,1.20953125,17424.10541273737
10239,10238.0,7.0,2858.5,0.26446875,10808.460356847454
10241,10238.0,7.0,4889.0,0.211390625,23127.799541725188
10242,10238.0,7.0,10375.0,0.490953125,21132.363705801854
10243,10238.0,7.0,2908.0,0.232,12534.482758620688
10244,10238.0,7.0,44.5,0.01071875,4151.603498542274
10245,10005.0,6.0,6512.5,0.423375,15382.344257454975
10246,10245.0,7.0,478.0,0.077,6207.7922077922085
10248,10245.0,7.0,970.0,0.071515625,13563.469521520648
10249,10245.0,7.0,3357.0,0.166921875,20111.20471777591
10250,10245.0,7.0,1692.5,0.102484375,16514.712608629365
10251,10245.0,7.0,15.0,0.005453125,2750.716332378224
10252,10005.0,6.0,59324.5,2.954953125,20076.291396331373
10258,10252.0,7.0,25469.5,1.363578125,18678.4310579931
10259,10258.0,8.0,1906.5,0.187265625,10180.72590738423
10260,10258.0,8.0,7097.5,0.310640625,22847.945274382575
10261,10258.0,8.0,13270.5,0.60409375,21967.61678133568
10262,10258.0,8.0,3113.0,0.23884375,13033.62553970954
10263,10258.0,8.0,82.0,0.022734375,3606.872852233677
10264,10252.0,7.0,13598.0,0.703078125,19340.66715558815
10265,10264.0,8.0,2835.5,0.21559375,13152.05102188723
10267,10264.0,8.0,4275.0,0.15665625,27289.048473967683
10268,10264.0,8.0,5338.0,0.2356875,22648.63431450544
10269,10264.0,8.0,1144.0,0.09321875,12272.209185383843
10270,10264.0,8.0,5.5,0.001921875,2861.788617886179
10272,10252.0,7.0,20257.0,0.888296875,22804.313028794568
10273,10272.0,8.0,3098.5,0.193109375,16045.311109313054
10274,10272.0,8.0,7992.5,0.2616875,30542.15428707905
10275,10272.0,8.0,7511.0,0.30940625,24275.527724472275
10276,10272.0,8.0,1632.0,0.11915625,13696.302124311569
10277,10272.0,8.0,23.0,0.0049375,4658.227848101266
10278,10005.0,6.0,54726.5,3.947640625,13863.090691037765
10279,10278.0,7.0,23866.0,1.8626875,12812.669865449787
10280,10279.0,8.0,1462.5,0.230171875,6353.947457742177
10281,10279.0,8.0,5452.5,0.46253125,11788.39267617053
10282,10279.0,8.0,11375.5,0.75565625,15053.802572267483
10283,10279.0,8.0,5486.5,0.3905625,14047.687630020804
10284,10279.0,8.0,89.0,0.023765625,3744.9046679815915
10285,10278.0,7.0,18947.0,1.217875,15557.425844195834
10286,10285.0,8.0,2980.5,0.211859375,14068.294121985398
10287,10285.0,8.0,6998.0,0.401546875,17427.604186933342
10288,10285.0,8.0,5989.5,0.376234375,15919.597989949749
10289,10285.0,8.0,2863.0,0.217828125,13143.390000717309
10290,10285.0,8.0,116.0,0.01040625,11147.147147147147
10291,10278.0,7.0,11913.5,0.867078125,13739.823040743879
10292,10291.0,8.0,1006.5,0.12509375,8045.965525855609
10293,10291.0,8.0,3747.5,0.2971875,12609.88433228181
10294,10291.0,8.0,6081.0,0.359796875,16901.202935684196
10295,10291.0,8.0,1074.0,0.08346875,12867.090977162112
10296,10291.0,8.0,4.5,0.00153125,2938.7755102040815
10297,10005.0,6.0,81808.0,5.25715625,15561.26470465853
10298,10297.0,7.0,18931.0,1.1773125,16079.842862451558
10299,10298.0,8.0,3684.5,0.252921875,14567.73954407858
10300,10298.0,8.0,5667.5,0.33521875,16906.87051365713
10301,10298.0,8.0,5956.0,0.366015625,16272.529348986125
10302,10298.0,8.0,3286.0,0.205265625,16008.525538555225
10303,10298.0,8.0,337.0,0.017890625,18836.681222707422
10325,10297.0,7.0,29058.5,1.896390625,15323.056134597797
10326,10325.0,8.0,4723.0,0.412265625,11456.206177752509
10327,10325.0,8.0,10709.5,0.486953125,21992.87662441842
10329,10325.0,8.0,8400.5,0.601875,13957.217030114227
10330,10325.0,8.0,5028.5,0.379296875,13257.425334706488
10331,10325.0,8.0,197.0,0.016,12312.5
10332,10297.0,7.0,33818.5,2.183453125,15488.539512383624
10333,10332.0,8.0,6802.0,0.48365625,14063.707436841765
10335,10332.0,8.0,12416.5,0.50909375,24389.41746976859
10336,10332.0,8.0,11398.5,0.83690625,13619.805085695083
10337,10332.0,8.0,2994.0,0.32978125,9078.745380460532
10338,10332.0,8.0,207.5,0.024015625,8640.208197787899
10339,10005.0,6.0,19639.5,1.226875,16007.743250127358
10346,10339.0,7.0,10274.0,0.718921875,14290.843493947099
10347,10346.0,8.0,1288.0,0.1199375,10738.92652423137
10348,10346.0,8.0,2914.0,0.212921875,13685.770896015263
10349,10346.0,8.0,1190.5,0.077625,15336.553945249598
10350,10346.0,8.0,2386.5,0.1774375,13449.806269813314
10351,10346.0,8.0,1978.0,0.11134375,17764.804939657588
10352,10346.0,8.0,517.0,0.01965625,26302.06677265501
10353,10339.0,7.0,9365.5,0.507953125,18437.724937709558
10354,10353.0,8.0,1296.5,0.084875,15275.40500736377
10355,10353.0,8.0,2448.5,0.13784375,17762.86556336432
10356,10353.0,8.0,1336.0,0.0730625,18285.714285714283
10357,10353.0,8.0,2198.0,0.122328125,17968.067441563417
10358,10353.0,8.0,1746.5,0.0756875,23075.14450867052
10359,10353.0,8.0,340.0,0.01415625,24017.66004415011
10360,10005.0,6.0,27664.5,1.551015625,17836.37737369667
10361,10360.0,7.0,4771.0,0.26396875,18074.109151177938
10362,10360.0,7.0,5799.5,0.34825,16653.26633165829
10363,10360.0,7.0,3157.5,0.1559375,20248.496993987974
10364,10360.0,7.0,8099.0,0.47590625,17018.05765316173
10365,10360.0,7.0,5093.5,0.263484375,19331.317084741742
10366,10360.0,7.0,744.0,0.04346875,17115.744069015098
10367,10005.0,6.0,7666.5,0.395,19408.86075949367
10368,10367.0,7.0,2290.0,0.1109375,20642.25352112676
10369,10367.0,7.0,3628.0,0.166546875,21783.657003471242
10370,10367.0,7.0,1296.5,0.084,15434.52380952381
10371,10367.0,7.0,373.5,0.027,13833.333333333332
10372,10367.0,7.0,78.5,0.006515625,12047.961630695445
10373,10005.0,6.0,16194.0,0.85615625,18914.771690331057
10374,10373.0,7.0,2853.0,0.12846875,22207.735344198496
10375,10373.0,7.0,4420.5,0.239046875,18492.189031962873
10376,10373.0,7.0,4932.5,0.264375,18657.21040189125
10377,10373.0,7.0,3582.0,0.194765625,18391.3357400722
10378,10373.0,7.0,406.0,0.0295,13762.711864406781
10379,10004.0,5.0,590407.5,23.3463125,25289.11150315494
10380,10379.0,6.0,336265.0,8.23128125,40852.08484402109
10386,10379.0,6.0,4990.0,0.32590625,15311.151596509731
10387,10386.0,7.0,1219.5,0.07715625,15805.589307411909
10388,10386.0,7.0,2734.0,0.11025,24798.185941043084
10389,10386.0,7.0,1036.5,0.1385,7483.75451263538
10390,10379.0,6.0,51397.5,2.43503125,21107.531987525825
10398,10379.0,6.0,9956.0,0.724765625,13736.854586612051
10399,10398.0,7.0,3970.5,0.364328125,10898.142985804348
10405,10398.0,7.0,5985.5,0.3604375,16606.207733657015
10410,10379.0,6.0,3169.0,0.251671875,12591.792388402559
10416,10379.0,6.0,93084.5,5.783140625,16095.838928350458
10421,10379.0,6.0,3281.0,0.159328125,20592.723350004904
10423,10421.0,7.0,1199.0,0.055703125,21524.82468443198
10424,10421.0,7.0,1726.0,0.074671875,23114.459091860223
10425,10421.0,7.0,356.0,0.028953125,12295.736643281165
10426,10379.0,6.0,20228.5,1.632734375,12389.33920283267
10427,10426.0,7.0,7641.5,0.384109375,19894.073139974782
10431,10426.0,7.0,12587.0,1.248625,10080.688757633397
10432,10431.0,8.0,4687.0,0.601015625,7798.466138047575
10438,10431.0,8.0,7900.0,0.647609375,12198.71160759524
10444,10379.0,6.0,6303.5,0.595671875,10582.168244891536
10449,10379.0,6.0,9846.0,0.699109375,14083.633194019178
10454,10004.0,5.0,172280.5,21.32703125,8078.034771013897
10455,10454.0,6.0,55223.5,11.8685,4652.946876184859
10456,10455.0,7.0,41472.5,8.47478125,4893.636635163887
10457,10456.0,8.0,28115.5,5.105078125,5507.359400107123
10462,10456.0,8.0,740.5,0.2374375,3118.7154514345884
10467,10456.0,8.0,12616.5,3.132265625,4027.9150973985484
10473,10455.0,7.0,13161.5,3.298953125,3989.5989731590985
10474,10473.0,8.0,7282.0,2.156515625,3376.743444648123
10475,10473.0,8.0,2442.0,0.341859375,7143.288084464554
10476,10473.0,8.0,3437.5,0.800578125,4293.7720787712005
10490,10455.0,7.0,123.0,0.031125,3951.8072289156626
10491,10455.0,7.0,466.5,0.063640625,7330.223422538669
10492,10454.0,6.0,115336.5,9.247609375,12472.03415747651
10493,10492.0,7.0,78032.0,5.70525,13677.227115376189
10494,10493.0,8.0,50090.5,3.1900625,15702.043455261457
10495,10494.0,9.0,9845.5,0.49084375,20058.317947411982
10496,10494.0,9.0,15615.0,0.801296875,19487.15948754948
10500,10494.0,9.0,9938.0,0.657828125,15107.289613073324
10503,10494.0,9.0,9056.5,0.714703125,12671.694978247087
10505,10494.0,9.0,5635.5,0.525390625,10726.304832713755
10507,10493.0,8.0,27941.5,2.5151875,11109.11214372686
10508,10507.0,9.0,7970.0,0.622875,12795.50471603452
10509,10507.0,9.0,7636.5,0.62978125,12125.638862700343
10512,10507.0,9.0,5680.0,0.491859375,11548.016137742623
10514,10507.0,9.0,4088.5,0.45671875,8951.898734177215
10516,10507.0,9.0,2566.5,0.313953125,8174.7872393370835
10523,10492.0,7.0,4046.0,0.466046875,8681.530157240084
10527,10492.0,7.0,7569.0,0.54021875,14010.99091803089
10531,10492.0,7.0,5191.5,0.4620625,11235.493033951036
10535,10492.0,7.0,7303.5,1.052015625,6942.3873813661285
10544,10492.0,7.0,5130.5,0.649890625,7894.405308585579
10553,10492.0,7.0,6556.0,0.21071875,31112.561174551385
10554,10492.0,7.0,1508.0,0.16140625,9342.884801548886
10555,10003.0,4.0,44791.5,4.45275,10059.28920330133
10557,10555.0,5.0,3189.0,0.27528125,11584.515836076742
10558,10555.0,5.0,12093.5,1.394734375,8670.82665830187
10559,10558.0,6.0,8438.5,0.908265625,9290.78429011337
10560,10558.0,6.0,3655.0,0.48646875,7513.329479026144
10561,10555.0,5.0,3151.5,0.420140625,7501.059912975566
10562,10555.0,5.0,9171.0,0.94975,9656.225322453276
10563,10562.0,6.0,3819.0,0.3850625,9917.870475572148
10564,10562.0,6.0,3435.0,0.355421875,9664.571152239856
10565,10562.0,6.0,1917.0,0.209265625,9160.606286866274
10566,10555.0,5.0,6722.5,0.743,9047.779273216689
10567,10566.0,6.0,4094.5,0.38415625,10658.423493044822
10568,10566.0,6.0,2628.0,0.35884375,7323.521727771488
10569,10555.0,5.0,8891.5,0.48284375,18414.859879619442
10570,10002.0,3.0,207265.5,27.186828125,7623.747023633343
10571,10570.0,4.0,178443.0,22.490421875,7934.177535298011
10572,10571.0,5.0,68368.0,13.0101875,5254.958854359324
10573,10572.0,6.0,68368.0,13.0101875,5254.958854359324
10574,10571.0,5.0,56544.5,4.3243125,13075.951379554554
10575,10574.0,6.0,25478.5,2.198734375,11587.802642144985
10576,10574.0,6.0,2196.5,0.215703125,10182.97718218037
10577,10574.0,6.0,28869.5,1.909875,15115.910727141829
10585,10571.0,5.0,18021.5,1.786109375,10089.807630061849
10586,10585.0,6.0,17103.5,1.527,11200.720366732156
10587,10586.0,7.0,2110.5,0.281171875,7506.085023617671
10588,10586.0,7.0,9348.5,0.94175,9926.732147597559
10589,10586.0,7.0,5644.5,0.304078125,18562.663789116694
10590,10585.0,6.0,851.0,0.240625,3536.6233766233768
10591,10585.0,6.0,67.0,0.018484375,3624.6830092983937
10592,10571.0,5.0,22314.0,2.02428125,11023.171804807262
10593,10592.0,6.0,2009.0,0.247453125,8118.709351518595
10594,10592.0,6.0,551.0,0.01246875,44190.47619047618
10595,10592.0,6.0,6091.5,0.6586875,9247.936236834616
10596,10595.0,7.0,1076.0,0.154875,6947.5383373688455
10597,10595.0,7.0,1990.0,0.12990625,15318.739475583354
10598,10595.0,7.0,3025.5,0.37390625,8091.600501462599
10599,10592.0,6.0,1005.0,0.09121875,11017.471736896197
10600,10592.0,6.0,12657.5,1.014453125,12477.165960723913
10608,10570.0,4.0,28822.5,4.69640625,6137.139435073361
10609,10608.0,5.0,3272.0,0.994328125,3290.664236214781
10610,10609.0,6.0,2575.5,0.7826875,3290.58532300567
10611,10609.0,6.0,696.5,0.211640625,3290.9560723514214
10612,10608.0,5.0,10160.5,1.69628125,5989.867541128571
10613,10612.0,6.0,8852.0,1.514046875,5846.582524071456
10614,10612.0,6.0,1308.5,0.182234375,7180.313812912629
10615,10608.0,5.0,5774.0,0.766171875,7536.168043234426
10616,10615.0,6.0,5219.5,0.586015625,8906.759098786828
10617,10616.0,7.0,2074.0,0.21390625,9695.836376917458
10618,10616.0,7.0,3145.5,0.372109375,8453.159773252151
10619,10615.0,6.0,554.5,0.18015625,3077.8837814397225
10620,10608.0,5.0,6347.5,0.6740625,9416.782568382012
10621,10620.0,6.0,6321.0,0.670265625,9430.589551716903
10638,10620.0,6.0,26.5,0.003796875,6979.423868312757
10639,10001.0,2.0,394843.5,60.070484375,6573.003432686238
10640,10639.0,3.0,135236.0,17.777890625,7606.97671352672
10641,10640.0,4.0,58980.0,10.156609375,5807.056058016409
10642,10641.0,5.0,16676.5,3.340140625,4992.75386047556
10643,10642.0,6.0,11053.5,2.429421875,4549.847893338821
10644,10643.0,7.0,1268.0,0.40825,3105.9399877526025
10645,10643.0,7.0,1129.0,0.463640625,2435.0756580055945
10646,10643.0,7.0,8122.5,1.41740625,5730.537733977115
10647,10646.0,8.0,1854.0,0.43796875,4233.178737067427
10648,10646.0,8.0,184.0,0.0494375,3721.8710493046774
10649,10646.0,8.0,5963.0,0.82265625,7248.4710351377025
10650,10646.0,8.0,121.5,0.10734375,1131.877729257642
10651,10643.0,7.0,534.0,0.140125,3810.8831400535237
10652,10642.0,6.0,656.0,0.1019375,6435.315757204169
10653,10652.0,7.0,358.5,0.034859375,10284.177498879428
10654,10652.0,7.0,297.5,0.067078125,4435.126950850221
10655,10642.0,6.0,701.0,0.067234375,10426.214269114571
10656,10642.0,6.0,128.0,0.030875,4145.748987854251
10657,10642.0,6.0,4138.0,0.710671875,5822.6590154563255
10658,10657.0,7.0,1790.0,0.350015625,5114.057408151422
10659,10658.0,8.0,366.5,0.08615625,4253.8991657598835
10660,10658.0,8.0,863.5,0.13859375,6230.4396843292
10661,10658.0,8.0,560.0,0.125265625,4470.500187102408
10662,10657.0,7.0,2348.0,0.36065625,6510.354388701152
10663,10662.0,8.0,663.0,0.1035,6405.797101449276
10664,10662.0,8.0,1550.5,0.20915625,7413.118183176453
10665,10662.0,8.0,134.5,0.048,2802.083333333333
10666,10641.0,5.0,39664.0,6.356421875,6239.9885942120545
10667,10666.0,6.0,4005.5,1.540796875,2599.628844652219
10668,10667.0,7.0,1478.5,0.602390625,2454.387466604415
10669,10667.0,7.0,1536.0,0.626046875,2453.4904035740137
10670,10667.0,7.0,400.0,0.10290625,3887.0331005162466
10671,10667.0,7.0,474.5,0.090875,5221.458046767538
10672,10667.0,7.0,116.5,0.118578125,982.474634339175
10674,10666.0,6.0,5941.0,1.079328125,5504.350217872809
10675,10674.0,7.0,1536.5,0.20815625,7381.474253115149
10676,10674.0,7.0,1905.0,0.2054375,9272.893215698205
10677,10676.0,8.0,1067.0,0.122453125,8713.538343753988
10678,10676.0,8.0,838.0,0.082984375,10098.286575032951
10679,10674.0,7.0,655.5,0.07990625,8203.36331638639
10680,10674.0,7.0,441.0,0.02159375,20422.575976845153
10681,10674.0,7.0,502.0,0.056515625,8882.499308819464
10682,10674.0,7.0,901.0,0.50771875,1774.6045423770543
10683,10666.0,6.0,7452.0,1.01,7378.217821782178
10684,10683.0,7.0,1725.0,0.0910625,18943.033630748112
10685,10683.0,7.0,4798.5,0.68928125,6961.599492224691
10689,10683.0,7.0,398.0,0.153921875,2585.7273373261596
10690,10683.0,7.0,530.5,0.075734375,7004.745203218485
10691,10666.0,6.0,9673.0,0.60178125,16073.94713610635
10692,10691.0,7.0,6120.0,0.227078125,26951.076859561
10693,10691.0,7.0,1369.5,0.114765625,11933.015656909462
10694,10691.0,7.0,1542.5,0.21415625,7202.684955493945
10695,10691.0,7.0,641.0,0.04578125,14001.36518771331
10696,10666.0,6.0,4391.0,0.805875,5448.735846129983
10697,10696.0,7.0,675.5,0.046546875,14512.252433702584
10698,10696.0,7.0,1680.5,0.127234375,13207.908633181873
10699,10696.0,7.0,601.5,0.119375,5038.7434554973825
10700,10696.0,7.0,489.0,0.179890625,2718.318422652653
10701,10696.0,7.0,584.5,0.245109375,2384.649709950915
10702,10696.0,7.0,360.0,0.08771875,4104.025650160314
10703,10666.0,6.0,2702.0,0.72375,3733.333333333333
10704,10666.0,6.0,3207.5,0.26209375,12237.987361392632
10705,10704.0,7.0,608.5,0.034546875,17613.74943464496
10706,10704.0,7.0,188.5,0.011453125,16458.390177353343
10707,10704.0,7.0,2358.0,0.202453125,11647.140541792081
10710,10704.0,7.0,52.5,0.013640625,3848.7972508591065
10711,10666.0,6.0,2292.0,0.332796875,6887.083900652613
10712,10711.0,7.0,1312.0,0.159953125,8202.4030477679
10713,10711.0,7.0,980.0,0.17284375,5669.8607846682335
10715,10640.0,4.0,76256.0,7.62128125,10005.666698102763
10716,10715.0,5.0,6736.5,0.3959375,17014.048934490922
10717,10716.0,6.0,972.5,0.02359375,41218.54304635762
10718,10716.0,6.0,45.5,0.003015625,15088.082901554404
10720,10716.0,6.0,1978.0,0.095890625,20627.66824181196
10731,10716.0,6.0,637.0,0.02525,25227.72277227723
10732,10716.0,6.0,1314.0,0.103765625,12663.153139587412
10733,10716.0,6.0,1789.5,0.144421875,12390.782213567023
10734,10715.0,5.0,18627.0,1.0321875,18046.13987284287
10735,10734.0,6.0,1095.5,0.049375,22187.341772151896
10737,10734.0,6.0,537.5,0.046234375,11625.549172017574
10738,10734.0,6.0,2351.0,0.09271875,25356.252106504886
10739,10734.0,6.0,3944.0,0.1899375,20764.72523856532
10743,10734.0,6.0,881.5,0.022328125,39479.356193142055
10744,10734.0,6.0,3233.0,0.278109375,11624.922748469016
10745,10734.0,6.0,205.0,0.004578125,44778.15699658703
10746,10734.0,6.0,45.5,0.00584375,7786.096256684492
10747,10734.0,6.0,945.5,0.04815625,19634.003893575602
10749,10734.0,6.0,1122.5,0.064015625,17534.781547473758
10750,10734.0,6.0,1269.0,0.072546875,17492.138703424513
10751,10734.0,6.0,852.5,0.0554375,15377.677564825255
10752,10734.0,6.0,728.0,0.033078125,22008.50259801606
10753,10734.0,6.0,26.0,0.011171875,2327.2727272727275
10754,10734.0,6.0,617.5,0.025046875,24653.77417342483
10755,10734.0,6.0,773.0,0.033609375,22999.53509995351
10756,10715.0,5.0,16858.5,1.929375,8737.803692905733
10757,10756.0,6.0,3223.5,0.35571875,9061.9344636739
10762,10756.0,6.0,4467.0,0.510859375,8744.089310292093
10763,10762.0,7.0,159.5,0.038515625,4141.176470588236
10764,10762.0,7.0,1995.0,0.2724375,7322.780454232622
10765,10764.0,8.0,428.5,0.040109375,10683.287884690299
10766,10764.0,8.0,531.5,0.10684375,4974.55396314712
10767,10764.0,8.0,297.0,0.06790625,4373.676944316613
10768,10764.0,8.0,34.0,0.01909375,1780.6873977086743
10769,10764.0,8.0,704.0,0.038484375,18293.138449045877
10770,10762.0,7.0,1279.5,0.128078125,9989.996340124435
10773,10762.0,7.0,1033.0,0.071828125,14381.553186860994
10774,10773.0,8.0,273.5,0.01771875,15435.62610229277
10775,10773.0,8.0,759.5,0.054109375,14036.38463759746
10776,10756.0,6.0,1427.5,0.203484375,7015.2806572986265
10780,10756.0,6.0,338.5,0.06590625,5136.083451872926
10781,10756.0,6.0,1062.5,0.09784375,10859.150431172151
10782,10756.0,6.0,691.5,0.065421875,10569.859087652258
10787,10756.0,6.0,1424.0,0.275203125,5174.359847839664
10792,10756.0,6.0,4224.0,0.3549375,11900.686740623349
10793,10715.0,5.0,19090.0,2.84278125,6715.254647187504
10794,10793.0,6.0,7819.5,1.03534375,7552.564063867676
10795,10793.0,6.0,1898.5,0.27771875,6836.0526611905025
10796,10793.0,6.0,60.0,0.006296875,9528.535980148883
10797,10793.0,6.0,561.5,0.082875,6775.26395173454
10798,10793.0,6.0,771.0,0.107453125,7175.22175367166
10799,10793.0,6.0,552.0,0.073703125,7489.506041975832
10800,10793.0,6.0,524.0,0.097484375,5375.220387882674
10801,10793.0,6.0,2186.5,0.26165625,8356.383613997374
10802,10793.0,6.0,4717.0,0.90025,5239.655651207998
10804,10802.0,7.0,589.0,0.12028125,4896.856326318524
10805,10715.0,5.0,1116.5,0.040625,27483.076923076922
10806,10639.0,3.0,115521.5,18.4108125,6274.655178852102
10807,10806.0,4.0,51433.5,3.4318125,14987.269846473257
10808,10807.0,5.0,13363.5,1.081125,12360.735345126606
10809,10808.0,6.0,4013.0,0.322046875,12460.918926786668
10810,10808.0,6.0,6901.5,0.576546875,11970.405702051547
10811,10808.0,6.0,2449.0,0.18253125,13416.880671117959
10812,10807.0,5.0,37521.5,2.223328125,16876.276415565066
10813,10812.0,6.0,11833.0,0.562953125,21019.51205972966
10814,10812.0,6.0,14480.0,0.661171875,21900.50809405648
10815,10812.0,6.0,11208.5,0.999203125,11217.438896620744
10816,10807.0,5.0,433.5,0.04390625,9873.309608540925
10817,10807.0,5.0,25.0,0.04921875,507.936507936508
10818,10807.0,5.0,13.5,0.02215625,609.308885754584
10819,10807.0,5.0,36.0,0.00465625,7731.543624161075
10820,10807.0,5.0,40.5,0.007421875,5456.842105263158
10821,10806.0,4.0,42749.5,10.657703125,4011.136311324116
10822,10821.0,5.0,1358.5,0.774140625,1754.8491270562115
10823,10821.0,5.0,400.0,0.21378125,1871.071480777664
10824,10821.0,5.0,46.0,0.011125,4134.831460674157
10825,10821.0,5.0,218.5,0.069171875,3158.798283261803
10826,10821.0,5.0,6101.0,2.569109375,2374.752923861017
10830,10821.0,5.0,13280.5,2.833859375,4686.365215281722
10831,10830.0,6.0,1903.0,0.598640625,3178.868791271892
10832,10830.0,6.0,457.0,0.167015625,2736.270932734587
10833,10830.0,6.0,4611.5,1.047703125,4401.533115595126
10834,10830.0,6.0,6309.0,1.0205,6182.263596276335
10838,10821.0,5.0,13995.0,2.3488125,5958.330007184481
10839,10838.0,6.0,976.0,0.085609375,11400.620551195474
10840,10838.0,6.0,191.5,0.039921875,4796.8688845401175
10841,10838.0,6.0,559.0,0.0458125,12201.909959072305
10842,10838.0,6.0,183.5,0.021015625,8731.598513011153
10843,10821.0,5.0,5567.0,1.03975,5354.171675883626
10844,10843.0,6.0,2001.0,0.63775,3137.5931007448057
10845,10843.0,6.0,212.5,0.022078125,9624.91153573956
10846,10843.0,6.0,1171.0,0.10275,11396.593673965937
10847,10843.0,6.0,1194.0,0.144828125,8244.255043694035
10848,10843.0,6.0,222.0,0.029109375,7626.409017713366
10849,10843.0,6.0,663.0,0.07215625,9188.393243828497
10850,10843.0,6.0,103.5,0.031078125,3330.316742081448
10852,10821.0,5.0,546.0,0.275609375,1981.0646862067013
10853,10821.0,5.0,666.5,0.394328125,1690.216745254983
10854,10821.0,5.0,159.0,0.016375,9709.923664122136
10855,10821.0,5.0,46.5,0.007953125,5846.758349705305
10856,10821.0,5.0,147.0,0.01525,9639.344262295082
10857,10821.0,5.0,38.0,0.003640625,10437.768240343346
10858,10821.0,5.0,36.0,0.0080625,4465.116279069767
10859,10821.0,5.0,15.5,0.01909375,811.7839607201308
10860,10821.0,5.0,16.0,0.0215,744.186046511628
10861,10821.0,5.0,26.5,0.009015625,2939.3414211438476
10862,10821.0,5.0,22.0,0.00565625,3889.5027624309396
10863,10821.0,5.0,64.0,0.02146875,2981.0771470160116
10865,10806.0,4.0,3630.0,0.921734375,3938.227865267583
10866,10865.0,5.0,108.5,0.09890625,1096.998420221169
10867,10865.0,5.0,629.5,0.445140625,1414.159851170627
10868,10865.0,5.0,2892.0,0.3776875,7657.1239450604
10869,10868.0,6.0,285.5,0.04428125,6447.424135497529
10870,10868.0,6.0,1259.0,0.18109375,6952.200172562554
10871,10870.0,7.0,573.5,0.041,13987.80487804878
10872,10870.0,7.0,186.5,0.035359375,5274.414494034469
10873,10870.0,7.0,150.5,0.01353125,11122.401847575058
10874,10870.0,7.0,62.0,0.030984375,2001.0085728693898
10875,10870.0,7.0,29.5,0.016328125,1806.6985645933014
10876,10870.0,7.0,122.5,0.009171875,13356.047700170358
10877,10870.0,7.0,77.0,0.019015625,4049.301561216105
10878,10870.0,7.0,17.5,0.009453125,1851.2396694214876
10879,10868.0,6.0,453.5,0.029046875,15612.694997310384
10880,10868.0,6.0,216.5,0.04228125,5120.473022912047
10881,10868.0,6.0,677.5,0.080984375,8365.811306193325
10882,10639.0,3.0,144086.0,23.88178125,6033.302059493573
10883,10882.0,4.0,63289.0,8.36934375,7562.002695850557
10884,10883.0,5.0,15186.5,1.923828125,7893.896446700507
10885,10884.0,6.0,2241.5,0.3621875,6188.783433994823
10889,10884.0,6.0,3281.0,0.55128125,5951.590045915765
10890,10884.0,6.0,4079.5,0.560875,7273.456652551817
10891,10890.0,7.0,480.5,0.087625,5483.594864479315
10902,10884.0,6.0,5584.5,0.449484375,12424.236103869016
10903,10902.0,7.0,3920.0,0.18303125,21417.107734334983
10904,10902.0,7.0,181.0,0.097515625,1856.1128024355073
10905,10902.0,7.0,1483.5,0.1689375,8781.354051054384
10906,10883.0,5.0,25184.0,2.897453125,8691.771329346355
10907,10906.0,6.0,100.5,0.007859375,12787.276341948309
10908,10906.0,6.0,217.5,0.051859375,4194.034347695089
10910,10906.0,6.0,39.5,0.02396875,1647.9791395045631
10911,10906.0,6.0,1774.0,0.27228125,6515.321932744177
10912,10906.0,6.0,12764.0,0.4820625,26477.89446389213
10913,10906.0,6.0,2195.0,1.174015625,1869.6514367089449
10915,10906.0,6.0,68.5,0.008765625,7814.616755793225
10917,10906.0,6.0,662.0,0.12978125,5100.8909222248985
10918,10906.0,6.0,5464.0,0.3451875,15829.078399420607
10919,10906.0,6.0,1140.5,0.177078125,6440.660019412335
10920,10906.0,6.0,238.0,0.16075,1480.5598755832036
10921,10906.0,6.0,15.5,0.007046875,2199.5565410199556
10922,10906.0,6.0,464.5,0.03484375,13330.941704035873
10923,10906.0,6.0,40.5,0.021953125,1844.8398576512457
10924,10883.0,5.0,6307.5,1.73153125,3642.729520475013
10925,10924.0,6.0,1792.5,0.30234375,5928.6821705426355
10928,10924.0,6.0,86.5,0.00721875,11982.683982683982
10929,10924.0,6.0,774.0,0.10184375,7599.8772629641
10930,10924.0,6.0,427.0,0.053953125,7914.277439907328
10931,10924.0,6.0,2693.5,1.181421875,2279.8799116530663
10932,10924.0,6.0,370.5,0.048015625,7716.23820370973
10933,10924.0,6.0,45.0,0.013296875,3384.2538190364276
10934,10924.0,6.0,118.5,0.0234375,5056.0
10935,10882.0,4.0,80797.0,15.5124375,5208.530251934939
10936,10935.0,5.0,31923.5,3.969296875,8042.608302005629
10937,10936.0,6.0,612.0,0.027203125,22497.41527857553
10938,10936.0,6.0,9475.5,0.813140625,11652.96593070848
10941,10938.0,7.0,3426.0,0.305296875,11221.863964378934
10942,10938.0,7.0,6049.5,0.50784375,11912.128484400959
10943,10936.0,6.0,1143.0,0.207484375,5508.848557873334
10944,10943.0,7.0,768.0,0.16653125,4611.7470444736355
10945,10943.0,7.0,375.0,0.040953125,9156.810377718428
10946,10936.0,6.0,1008.5,0.1025625,9833.028641072517
10947,10936.0,6.0,374.0,0.077265625,4840.444893832154
10948,10936.0,6.0,4161.5,0.425578125,9778.46312002056
10954,10936.0,6.0,7945.0,0.84040625,9453.761201799723
10955,10936.0,6.0,5910.0,0.92325,6401.299756295693
10956,10936.0,6.0,1095.5,0.500953125,2186.831352733851
10962,10936.0,6.0,198.5,0.051453125,3857.8803522623743
10964,10935.0,5.0,31634.0,8.74478125,3617.4718492815355
10965,10964.0,6.0,38.5,0.015234375,2527.1794871794873
10967,10964.0,6.0,2332.5,0.458765625,5084.295494022684
10968,10964.0,6.0,3.5,0.00275,1272.7272727272725
10970,10964.0,6.0,84.5,0.021578125,3916.0028964518465
10971,10970.0,7.0,55.0,0.010609375,5184.0942562592045
10972,10970.0,7.0,29.5,0.01096875,2689.4586894586896
10973,10964.0,6.0,786.0,0.08703125,9031.238779174148
10975,10964.0,6.0,1459.5,1.31015625,1113.9892665474063
10976,10964.0,6.0,17.0,0.02690625,631.8234610917538
10977,10964.0,6.0,839.5,0.25446875,3299.029841581726
10978,10964.0,6.0,4591.0,1.38815625,3307.2645820670405
10979,10964.0,6.0,20.5,0.00359375,5704.347826086956
10980,10964.0,6.0,151.0,0.030828125,4898.124683223517
10981,10964.0,6.0,2865.0,0.284796875,10059.80139353706
10982,10981.0,7.0,2561.5,0.256109375,10001.586236349216
10983,10981.0,7.0,303.5,0.0286875,10579.520697167756
10984,10964.0,6.0,583.5,0.267015625,2185.2653753876766
10985,10964.0,6.0,4975.5,1.015984375,4897.220983344355
10986,10985.0,7.0,3126.5,0.54640625,5721.933085501858
10987,10985.0,7.0,1849.0,0.469578125,3937.576947392939
10988,10964.0,6.0,4756.0,1.121953125,4239.036278810667
10989,10964.0,6.0,88.0,0.013953125,6306.830907054871
10990,10964.0,6.0,1885.0,0.474515625,3972.471928611413
10991,10990.0,7.0,184.0,0.1194375,1540.5546834118263
10992,10990.0,7.0,1701.0,0.355078125,4790.49504950495
10993,10964.0,6.0,1081.0,0.135953125,7951.269968969084
10995,10993.0,7.0,38.5,0.015234375,2527.1794871794873
10996,10993.0,7.0,1042.5,0.12071875,8635.775304167746
10998,10964.0,6.0,83.0,0.047296875,1754.8728113643872
11001,10964.0,6.0,4078.0,1.603921875,2542.5178517501054
11002,11001.0,7.0,220.5,0.14403125,1530.9177695812539
11003,11001.0,7.0,2576.5,0.908359375,2836.432441730455
11004,11001.0,7.0,889.0,0.374609375,2373.1386861313863
11005,11001.0,7.0,392.0,0.176921875,2215.667226000177
11006,10964.0,6.0,196.5,0.028453125,6906.095551894564
11007,10964.0,6.0,653.5,0.13971875,4677.253410870051
11008,10964.0,6.0,65.5,0.01175,5574.468085106383
11010,10935.0,5.0,895.5,0.124921875,7168.480300187617
11011,11010.0,6.0,377.5,0.065796875,5737.354547613393
11012,11010.0,6.0,433.0,0.037421875,11570.772442588728
11013,11010.0,6.0,85.0,0.021703125,3916.486681065515
11014,10001.0,2.0,146283.5,26.954421875,5427.06872654823
11015,11014.0,3.0,142146.0,25.6495,5541.862414472017
11019,11015.0,4.0,46653.0,10.172,4586.413684624459
11020,11019.0,5.0,353.5,0.06121875,5774.374680959672
11024,11019.0,5.0,4627.5,2.047734375,2259.814581664187
11025,11024.0,6.0,1520.5,0.6715,2264.3335815338796
11029,11024.0,6.0,3107.0,1.376234375,2257.6096458860798
11033,11019.0,5.0,9760.5,3.371953125,2894.61319246542
11042,11033.0,6.0,9760.5,3.371953125,2894.61319246542
11046,11019.0,5.0,8399.5,1.671640625,5024.704397812778
11050,11019.0,5.0,2581.5,0.529578125,4874.634880358775
11054,11019.0,5.0,3138.0,0.62671875,5007.030665669409
11058,11019.0,5.0,13204.5,1.10084375,11994.890283021548
11062,11019.0,5.0,4588.0,0.7623125,6018.529146511438
11066,11015.0,4.0,95493.0,15.4775,6169.794863511549
11067,11066.0,5.0,13059.5,2.84803125,4585.448281159134
11071,11066.0,5.0,15555.0,5.403171875,2878.8645558309213
11072,11071.0,6.0,7670.5,2.84675,2694.4761570211645
11076,11071.0,6.0,7884.5,2.556421875,3084.1936055644182
11080,11066.0,5.0,13520.0,2.441046875,5538.607282992057
11084,11066.0,5.0,7114.0,1.25290625,5677.998653131469
11088,11066.0,5.0,37712.5,2.864359375,13166.120260311265
11092,11066.0,5.0,8532.0,0.667984375,12772.753853711025
11096,11014.0,3.0,548.0,0.89165625,614.5866190025586
11097,11096.0,4.0,109.5,0.2503125,437.4531835205993
11098,11096.0,4.0,331.5,0.430734375,769.6158450321035
11099,11096.0,4.0,55.5,0.16809375,330.17289459007253
11100,11096.0,4.0,51.5,0.042515625,1211.319367879456
11101,10000.0,1.0,177726.5,23.49321875,7565.01277629316
11102,11101.0,2.0,81611.0,6.183671875,13197.82188475193
11104,11102.0,3.0,14.0,0.006671875,2098.3606557377047
11105,11102.0,3.0,50458.5,2.9885,16884.222854274718
11106,11105.0,4.0,40378.0,2.076671875,19443.610945999833
11107,11105.0,4.0,7989.0,0.5313125,15036.348664862955
11108,11107.0,5.0,6560.0,0.45278125,14488.232452205119
11109,11107.0,5.0,1429.0,0.07853125,18196.577795463592
11111,11105.0,4.0,2091.5,0.380515625,5496.4891389151235
11112,11102.0,3.0,6786.5,0.653859375,10379.14306879824
11114,11112.0,4.0,1024.0,0.09996875,10243.201000312598
11115,11112.0,4.0,116.0,0.014125,8212.389380530974
11116,11112.0,4.0,2486.0,0.154703125,16069.487930512068
11117,11112.0,4.0,2708.5,0.34959375,7747.5641369446685
11119,11102.0,3.0,631.0,0.105359375,5989.025656236096
11120,11119.0,4.0,402.5,0.07428125,5418.5948674800175
11121,11119.0,4.0,221.0,0.027015625,8180.451127819549
11122,11102.0,3.0,19.5,0.00353125,5522.12389380531
11125,11102.0,3.0,14511.5,1.193390625,12159.89106668238
11126,11125.0,4.0,482.5,0.029765625,16209.973753280838
11127,11125.0,4.0,14029.0,1.163625,12056.289612203245
11129,11127.0,5.0,6734.0,0.815421875,8258.301875946117
11130,11102.0,3.0,95.5,0.05403125,1767.495662232504
11132,11130.0,4.0,33.5,0.014421875,2322.860238353196
11133,11102.0,3.0,6875.5,0.83034375,8280.305596326822
11135,11133.0,4.0,555.0,0.125234375,4431.690580162196
11136,11133.0,4.0,6320.5,0.705109375,8963.857557559775
11137,11136.0,5.0,1850.0,0.15096875,12254.19167874146
11139,11136.0,5.0,8.0,0.006046875,1322.9974160206718
11140,11136.0,5.0,3155.0,0.416953125,7566.797826494286
11141,11136.0,5.0,12.5,0.009046875,1381.6925734024182
11142,11136.0,5.0,1295.0,0.12209375,10606.603532121831
11144,11102.0,3.0,39.0,0.004671875,8347.826086956522
11145,11144.0,4.0,39.0,0.004671875,8347.826086956522
11149,11102.0,3.0,2180.0,0.3433125,6349.899872565082
11150,11149.0,4.0,2180.0,0.3433125,6349.899872565082
11155,11150.0,5.0,124.5,0.011109375,11206.75105485232
11156,11155.0,6.0,124.5,0.011109375,11206.75105485232
11159,11150.0,5.0,2055.5,0.332203125,6187.479422416632
11171,11101.0,2.0,20664.0,4.909875,4208.661116627205
11172,11171.0,3.0,64.0,0.03396875,1884.0846366145354
11173,11171.0,3.0,9616.5,1.41009375,6819.759324512997
11174,11173.0,4.0,1321.0,0.430109375,3071.3118029570965
11175,11174.0,5.0,125.0,0.024328125,5138.086062941555
11177,11174.0,5.0,173.0,0.04246875,4073.5835172921265
11178,11174.0,5.0,435.5,0.142875,3048.118985126859
11179,11173.0,4.0,5922.0,0.54575,10851.122308749429
11180,11173.0,4.0,2373.5,0.434234375,5465.942211507323
11181,11180.0,5.0,206.0,0.07353125,2801.529961750956
11188,11171.0,3.0,10983.5,3.4658125,3169.0981551944888
11189,11101.0,2.0,5765.0,0.538359375,10708.460310549994
11190,11101.0,2.0,40087.0,6.942875,5773.832886232288
11191,11190.0,3.0,21314.0,3.907078125,5455.227491771745
11192,11191.0,4.0,4175.0,0.864375,4830.079537237889
11193,11192.0,5.0,3165.0,0.436546875,7250.080532588854
11194,11191.0,4.0,690.0,0.04675,14759.358288770054
11195,11191.0,4.0,1421.0,0.416328125,3413.1732032276227
11196,11191.0,4.0,3925.0,0.68109375,5762.789630649231
11198,11191.0,4.0,8904.0,1.52390625,5842.879114118733
11199,11191.0,4.0,2199.0,0.374625,5869.86986986987
11200,11190.0,3.0,6303.0,1.84884375,3409.157750621165
11201,11200.0,4.0,2878.0,1.0495,2742.258218199142
11202,11200.0,4.0,686.0,0.441328125,1554.3990086741017
11207,11200.0,4.0,1602.5,0.2803125,5716.833890746934
11208,11200.0,4.0,268.0,0.035671875,7512.921594393342
11211,11190.0,3.0,12470.0,1.186953125,10505.89087079576
11212,11211.0,4.0,330.5,0.055609375,5943.242483843776
11216,11211.0,4.0,10193.0,0.92809375,10982.726691134381
11217,11211.0,4.0,1946.5,0.20325,9576.875768757689
11218,11101.0,2.0,3193.0,0.61603125,5183.178613097955
11219,11218.0,3.0,215.0,0.0563125,3817.9800221975584
11221,11219.0,4.0,215.0,0.0563125,3817.9800221975584
11226,11218.0,3.0,593.5,0.256890625,2310.3217565841496
11227,11226.0,4.0,0.0,1.5625e-05,0.0
11228,11226.0,4.0,25.0,0.0035625,7017.543859649123
11229,11226.0,4.0,568.5,0.2533125,2244.2635085122133
11230,11218.0,3.0,2384.5,0.302828125,7874.103503431195
11231,11230.0,4.0,117.5,0.01896875,6194.3986820428345
11238,11101.0,2.0,20282.5,3.52559375,5752.931687038531
11239,11238.0,3.0,18340.0,3.11459375,5888.408399971906
11240,11239.0,4.0,578.0,0.080890625,7145.451033417037
11242,11239.0,4.0,267.5,0.10659375,2509.5279976546467
11243,11239.0,4.0,5999.5,0.633171875,9475.310317597414
11244,11239.0,4.0,10687.0,2.1231875,5033.469724176504
11245,11244.0,5.0,3824.5,0.696984375,5487.210527495685
11246,11244.0,5.0,43.0,0.019,2263.157894736842
11247,11244.0,5.0,5312.0,0.757359375,7013.843329000847
11250,11244.0,5.0,567.0,0.13875,4086.4864864864867
11251,11250.0,6.0,32.5,0.004,8125.0
11252,11250.0,6.0,534.5,0.13475,3966.6048237476807
11253,11244.0,5.0,940.5,0.51109375,1840.171201467441
11254,11253.0,6.0,900.0,0.4776875,1884.0769331414367
11255,11253.0,6.0,40.5,0.03340625,1212.3479887745557
11259,11239.0,4.0,808.0,0.17075,4732.064421669106
11260,11259.0,5.0,155.5,0.017765625,8752.858399296394
11261,11238.0,3.0,1942.5,0.411,4726.2773722627735
11262,11261.0,4.0,118.5,0.0249375,4751.87969924812
11265,11261.0,4.0,167.0,0.012953125,12892.64173703257
11277,11261.0,4.0,450.0,0.130125,3458.2132564841504
11278,11277.0,5.0,72.0,0.01675,4298.507462686566
11279,11277.0,5.0,164.0,0.0643125,2550.0485908649175
11280,11277.0,5.0,164.0,0.032859375,4990.96528768426
11281,11277.0,5.0,50.0,0.016203125,3085.824493731919
11284,11261.0,4.0,1207.0,0.242984375,4967.397595009967
11285,11284.0,5.0,714.0,0.135375,5274.238227146815
11286,11284.0,5.0,220.0,0.08365625,2629.8094882330965
11287,11284.0,5.0,273.0,0.023953125,11397.260273972603
11292,10000.0,1.0,31046.5,3.015375,10296.065995108402
11293,11292.0,2.0,18182.5,1.853171875,9811.556200096122
11295,11293.0,3.0,373.0,0.068828125,5419.2962542565265
11296,11293.0,3.0,10093.0,0.727828125,13867.28494450527
11299,11292.0,2.0,5029.5,0.4666875,10777.018883085577
11300,11292.0,2.0,1540.5,0.209484375,7353.770418438129
11301,11292.0,2.0,6291.0,0.4855625,12956.107607156651
11302,11301.0,3.0,4773.0,0.231765625,20594.080765859908
11303,11292.0,2.0,3.0,0.00046875,6400.0
