id,name,acronym,parent_structure_id,depth,count,volume (mm^3),density (cells/mm^3)
10000,root,root,-1.0,0.0,1694726.0,253.297921875,6690.64312669857
10001,Basic cell groups and regions,grey,10000.0,1.0,1572739.0,225.007921875,6989.705015247033
10002,Cerebrum,CH,10001.0,2.0,1233696.0,137.983015625,8940.926493104393
10003,Cerebral cortex,CTX,10002.0,3.0,1151421.0,110.7961875,10392.24386669442
10004,Cortical plate,CTXpl,10003.0,4.0,1118691.0,106.3434375,10519.605405834282
10005,Isocortex,Isocortex,10004.0,5.0,626223.0,61.67009375,10154.403243468396
10006,"Frontal pole, cerebral cortex",FRP,10005.0,6.0,3394.0,0.486109375,6981.967792742117
10007,"Frontal pole, layer 1",FRP1,10006.0,7.0,1180.0,0.126671875,9315.406438879982
10008,"Frontal pole, layer 2/3",FRP2/3,10006.0,7.0,859.0,0.117,7341.880341880342
10009,"Frontal pole, layer 5",FRP5,10006.0,7.0,1119.0,0.18575,6024.226110363392
10010,"Frontal pole, layer 6a",FRP6a,10006.0,7.0,231.0,0.05615625,4113.522537562604
10011,"Frontal pole, layer 6b",FRP6b,10006.0,7.0,5.0,0.00053125,9411.764705882351
10012,Somatomotor areas,MO,10005.0,6.0,114135.0,12.226390625,9335.1344236149
10018,Primary motor area,MOp,10012.0,7.0,56003.0,5.676359375,9866.006766000435
10019,"Primary motor area, Layer 1",MOp1,10018.0,8.0,3493.0,0.665328125,5250.041098142364
10020,"Primary motor area, Layer 2/3",MOp2/3,10018.0,8.0,21873.0,1.844640625,11857.594212964925
10021,"Primary motor area, Layer 5",MOp5,10018.0,8.0,19847.0,1.6365625,12127.248424670614
10022,"Primary motor area, Layer 6a",MOp6a,10018.0,8.0,10354.0,1.438171875,7199.417663483371
10023,"Primary motor area, Layer 6b",MOp6b,10018.0,8.0,436.0,0.09165625,4756.904193658371
10024,Secondary motor area,MOs,10012.0,7.0,58132.0,6.55003125,8875.072160915262
10025,"Secondary motor area, layer 1",MOs1,10024.0,8.0,11452.0,1.159859375,9873.610755614232
10026,"Secondary motor area, layer 2/3",MOs2/3,10024.0,8.0,15264.0,1.902859375,8021.612211885074
10027,"Secondary motor area, layer 5",MOs5,10024.0,8.0,22781.0,2.261203125,10074.725153230096
10028,"Secondary motor area, layer 6a",MOs6a,10024.0,8.0,8412.0,1.188921875,7075.317711687322
10029,"Secondary motor area, layer 6b",MOs6b,10024.0,8.0,223.0,0.0371875,5996.638655462185
10030,Somatosensory areas,SS,10005.0,6.0,167702.0,16.666015625,10062.513066916676
10037,Primary somatosensory area,SSp,10030.0,7.0,128518.0,12.1554375,10572.8814779394
10044,"Primary somatosensory area, nose",SSp-n,10037.0,8.0,26759.0,1.5095625,17726.3279923819
10045,"Primary somatosensory area, nose, layer 1",SSp-n1,10044.0,9.0,1363.0,0.202515625,6730.344880796235
10046,"Primary somatosensory area, nose, layer 2/3",SSp-n2/3,10044.0,9.0,5507.0,0.32015625,17200.97608589556
10047,"Primary somatosensory area, nose, layer 4",SSp-n4,10044.0,9.0,7118.0,0.273953125,25982.547196714764
10048,"Primary somatosensory area, nose, layer 5",SSp-n5,10044.0,9.0,5293.0,0.283515625,18669.165059244973
10049,"Primary somatosensory area, nose, layer 6a",SSp-n6a,10044.0,9.0,7275.0,0.402546875,18072.42945309164
10050,"Primary somatosensory area, nose, layer 6b",SSp-n6b,10044.0,9.0,203.0,0.026875,7553.488372093024
10051,"Primary somatosensory area, barrel field",SSp-bfd,10037.0,8.0,26561.0,3.144515625,8446.76992183812
10052,"Primary somatosensory area, barrel field, layer 1",SSp-bfd1,10051.0,9.0,3331.0,0.41946875,7940.996796543247
10053,"Primary somatosensory area, barrel field, layer 2/3",SSp-bfd2/3,10051.0,9.0,6793.0,0.75809375,8960.633167072014
10054,"Primary somatosensory area, barrel field, layer 4",SSp-bfd4,10051.0,9.0,5042.0,0.641375,7861.235626583511
10055,"Primary somatosensory area, barrel field, layer 5",SSp-bfd5,10051.0,9.0,5818.0,0.6041875,9629.461053067136
10056,"Primary somatosensory area, barrel field, layer 6a",SSp-bfd6a,10051.0,9.0,5266.0,0.64875,8117.148362235067
10057,"Primary somatosensory area, barrel field, layer 6b",SSp-bfd6b,10051.0,9.0,311.0,0.072640625,4281.350828135083
10065,"Primary somatosensory area, lower limb",SSp-ll,10037.0,8.0,7074.0,1.17609375,6014.826624153049
10066,"Primary somatosensory area, lower limb, layer 1",SSp-ll1,10065.0,9.0,2105.0,0.14996875,14036.257553657011
10067,"Primary somatosensory area, lower limb, layer 2/3",SSp-ll2/3,10065.0,9.0,1379.0,0.32334375,4264.8110563448345
10068,"Primary somatosensory area, lower limb, layer 4",SSp-ll4,10065.0,9.0,943.0,0.13634375,6916.341966536786
10069,"Primary somatosensory area, lower limb, layer 5",SSp-ll5,10065.0,9.0,1544.0,0.2776875,5560.207067296872
10070,"Primary somatosensory area, lower limb, layer 6a",SSp-ll6a,10065.0,9.0,1043.0,0.26378125,3954.03388224144
10071,"Primary somatosensory area, lower limb, layer 6b",SSp-ll6b,10065.0,9.0,60.0,0.02496875,2403.003754693367
10072,"Primary somatosensory area, mouth",SSp-m,10037.0,8.0,40489.0,3.1075,13029.444891391797
10073,"Primary somatosensory area, mouth, layer 1",SSp-m1,10072.0,9.0,3777.0,0.39221875,9629.83029240698
10074,"Primary somatosensory area, mouth, layer 2/3",SSp-m2/3,10072.0,9.0,11719.0,0.749703125,15631.520810320751
10075,"Primary somatosensory area, mouth, layer 4",SSp-m4,10072.0,9.0,6987.0,0.473421875,14758.50688141523
10076,"Primary somatosensory area, mouth, layer 5",SSp-m5,10072.0,9.0,8656.0,0.60925,14207.632334837916
10077,"Primary somatosensory area, mouth, layer 6a",SSp-m6a,10072.0,9.0,8998.0,0.8255625,10899.235369823606
10078,"Primary somatosensory area, mouth, layer 6b",SSp-m6b,10072.0,9.0,352.0,0.05734375,6138.41961852861
10079,"Primary somatosensory area, upper limb",SSp-ul,10037.0,8.0,16244.0,1.88615625,8612.223934257832
10080,"Primary somatosensory area, upper limb, layer 1",SSp-ul1,10079.0,9.0,2577.0,0.231265625,11143.030876292143
10081,"Primary somatosensory area, upper limb, layer 2/3",SSp-ul2/3,10079.0,9.0,4820.0,0.48934375,9849.926559805865
10082,"Primary somatosensory area, upper limb, layer 4",SSp-ul4,10079.0,9.0,1817.0,0.261640625,6944.640191101821
10083,"Primary somatosensory area, upper limb, layer 5",SSp-ul5,10079.0,9.0,3447.0,0.3961875,8700.425934690014
10084,"Primary somatosensory area, upper limb, layer 6a",SSp-ul6a,10079.0,9.0,3456.0,0.47053125,7344.889420203228
10085,"Primary somatosensory area, upper limb, layer 6b",SSp-ul6b,10079.0,9.0,127.0,0.0371875,3415.126050420168
10086,"Primary somatosensory area, trunk",SSp-tr,10037.0,8.0,4330.0,0.700359375,6182.540213729559
10087,"Primary somatosensory area, trunk, layer 1",SSp-tr1,10086.0,9.0,1465.0,0.102109375,14347.360367253252
10088,"Primary somatosensory area, trunk, layer 2/3",SSp-tr2/3,10086.0,9.0,535.0,0.211515625,2529.363965428086
10089,"Primary somatosensory area, trunk, layer 4",SSp-tr4,10086.0,9.0,365.0,0.076625,4763.458401305057
10090,"Primary somatosensory area, trunk, layer 5",SSp-tr5,10086.0,9.0,1201.0,0.176765625,6794.307433925572
10091,"Primary somatosensory area, trunk, layer 6a",SSp-tr6a,10086.0,9.0,697.0,0.116234375,5996.504906573464
10092,"Primary somatosensory area, trunk, layer 6b",SSp-tr6b,10086.0,9.0,67.0,0.017109375,3915.9817351598176
10093,"Primary somatosensory area, unassigned",SSp-un,10037.0,8.0,7061.0,0.63125,11185.742574257429
10094,"Primary somatosensory area, unassigned, layer 1",SSp-un1,10093.0,9.0,753.0,0.083015625,9070.581592320725
10095,"Primary somatosensory area, unassigned, layer 2/3",SSp-un2/3,10093.0,9.0,2648.0,0.1659375,15957.815442561208
10096,"Primary somatosensory area, unassigned, layer 4",SSp-un4,10093.0,9.0,1035.0,0.093875,11025.299600532624
10097,"Primary somatosensory area, unassigned, layer 5",SSp-un5,10093.0,9.0,1292.0,0.1288125,10030.082484230956
10098,"Primary somatosensory area, unassigned, layer 6a",SSp-un6a,10093.0,9.0,1291.0,0.147421875,8757.180710121886
10099,"Primary somatosensory area, unassigned, layer 6b",SSp-un6b,10093.0,9.0,42.0,0.0121875,3446.153846153846
10100,Supplemental somatosensory area,SSs,10030.0,7.0,39184.0,4.510578125,8687.134756146143
10101,"Supplemental somatosensory area, layer 1",SSs1,10100.0,8.0,1995.0,0.623453125,3199.919801508734
10102,"Supplemental somatosensory area, layer 2/3",SSs2/3,10100.0,8.0,6599.0,1.07234375,6153.810287046482
10103,"Supplemental somatosensory area, layer 4",SSs4,10100.0,8.0,7437.0,0.58265625,12763.958165728078
10104,"Supplemental somatosensory area, layer 5",SSs5,10100.0,8.0,12249.0,1.09278125,11209.013697846663
10105,"Supplemental somatosensory area, layer 6a",SSs6a,10100.0,8.0,10170.0,1.03634375,9813.346199077288
10106,"Supplemental somatosensory area, layer 6b",SSs6b,10100.0,8.0,734.0,0.103,7126.21359223301
10107,Gustatory areas,GU,10005.0,6.0,6790.0,0.883828125,7682.489171749316
10108,"Gustatory areas, layer 1",GU1,10107.0,7.0,617.0,0.098875,6240.202275600505
10109,"Gustatory areas, layer 2/3",GU2/3,10107.0,7.0,1192.0,0.201015625,5929.887291099883
10110,"Gustatory areas, layer 4",GU4,10107.0,7.0,491.0,0.073796875,6653.398263815372
10111,"Gustatory areas, layer 5",GU5,10107.0,7.0,2251.0,0.272171875,8270.509214076583
10112,"Gustatory areas, layer 6a",GU6a,10107.0,7.0,2100.0,0.2186875,9602.743641040295
10113,"Gustatory areas, layer 6b",GU6b,10107.0,7.0,139.0,0.01928125,7209.076175040519
10114,Visceral area,VISC,10005.0,6.0,9015.0,1.17634375,7663.5762293122225
10115,"Visceral area, layer 1",VISC1,10114.0,7.0,117.0,0.16690625,700.9923235349186
10116,"Visceral area, layer 2/3",VISC2/3,10114.0,7.0,888.0,0.271078125,3275.8084039425903
10117,"Visceral area, layer 4",VISC4,10114.0,7.0,645.0,0.091109375,7079.403189847367
10118,"Visceral area, layer 5",VISC5,10114.0,7.0,3599.0,0.35278125,10201.789352467003
10119,"Visceral area, layer 6a",VISC6a,10114.0,7.0,3435.0,0.269078125,12765.809186458391
10120,"Visceral area, layer 6b",VISC6b,10114.0,7.0,331.0,0.025390625,13036.307692307691
10121,Auditory areas,AUD,10005.0,6.0,21957.0,2.89728125,7578.484139225352
10122,Dorsal auditory area,AUDd,10121.0,7.0,3891.0,0.60696875,6410.544200175051
10123,"Dorsal auditory area, layer 1",AUDd1,10122.0,8.0,320.0,0.09871875,3241.53213042102
10124,"Dorsal auditory area, layer 2/3",AUDd2/3,10122.0,8.0,1076.0,0.163453125,6582.92706242233
10125,"Dorsal auditory area, layer 4",AUDd4,10122.0,8.0,528.0,0.066390625,7952.930101200283
10126,"Dorsal auditory area, layer 5",AUDd5,10122.0,8.0,1054.0,0.17121875,6155.867859098375
10127,"Dorsal auditory area, layer 6a",AUDd6a,10122.0,8.0,792.0,0.092140625,8595.557062913345
10128,"Dorsal auditory area, layer 6b",AUDd6b,10122.0,8.0,121.0,0.015046875,8041.53686396677
10136,Primary auditory area,AUDp,10121.0,7.0,8969.0,1.07509375,8342.528267883616
10137,"Primary auditory area, layer 1",AUDp1,10136.0,8.0,1226.0,0.1886875,6497.5157336866505
10138,"Primary auditory area, layer 2/3",AUDp2/3,10136.0,8.0,2425.0,0.23571875,10287.683945379822
10139,"Primary auditory area, layer 4",AUDp4,10136.0,8.0,1386.0,0.117359375,11809.878844361603
10140,"Primary auditory area, layer 5",AUDp5,10136.0,8.0,2683.0,0.35709375,7513.4330970508445
10141,"Primary auditory area, layer 6a",AUDp6a,10136.0,8.0,1043.0,0.14903125,6998.532187041308
10142,"Primary auditory area, layer 6b",AUDp6b,10136.0,8.0,206.0,0.027203125,7572.659391154509
10143,Posterior auditory area,AUDpo,10121.0,7.0,2306.0,0.3053125,7552.917093142272
10144,"Posterior auditory area, layer 1",AUDpo1,10143.0,8.0,430.0,0.056125,7661.469933184855
10145,"Posterior auditory area, layer 2/3",AUDpo2/3,10143.0,8.0,699.0,0.07325,9542.662116040956
10146,"Posterior auditory area, layer 4",AUDpo4,10143.0,8.0,339.0,0.0371875,9115.966386554624
10147,"Posterior auditory area, layer 5",AUDpo5,10143.0,8.0,552.0,0.090703125,6085.788113695091
10148,"Posterior auditory area, layer 6a",AUDpo6a,10143.0,8.0,225.0,0.0393125,5723.370429252782
10149,"Posterior auditory area, layer 6b",AUDpo6b,10143.0,8.0,61.0,0.008734375,6983.899821109123
10150,Ventral auditory area,AUDv,10121.0,7.0,6791.0,0.90990625,7463.406257512793
10151,"Ventral auditory area, layer 1",AUDv1,10150.0,8.0,835.0,0.14425,5788.561525129983
10152,"Ventral auditory area, layer 2/3",AUDv2/3,10150.0,8.0,1543.0,0.1919375,8039.075219798111
10153,"Ventral auditory area, layer 4",AUDv4,10150.0,8.0,1119.0,0.107203125,10438.128552689112
10154,"Ventral auditory area, layer 5",AUDv5,10150.0,8.0,2062.0,0.302015625,6827.461327538931
10155,"Ventral auditory area, layer 6a",AUDv6a,10150.0,8.0,1064.0,0.141203125,7535.243996901626
10156,"Ventral auditory area, layer 6b",AUDv6b,10150.0,8.0,168.0,0.023296875,7211.267605633802
10157,Visual areas,VIS,10005.0,6.0,64257.0,6.726890625,9552.258774833284
10164,Anterolateral visual area,VISal,10157.0,7.0,4275.0,0.377265625,11331.53862083247
10165,"Anterolateral visual area, layer 1",VISal1,10164.0,8.0,468.0,0.058296875,8027.87456445993
10166,"Anterolateral visual area, layer 2/3",VISal2/3,10164.0,8.0,953.0,0.09903125,9623.224992111076
10167,"Anterolateral visual area, layer 4",VISal4,10164.0,8.0,837.0,0.0520625,16076.830732292918
10168,"Anterolateral visual area, layer 5",VISal5,10164.0,8.0,1346.0,0.10153125,13257.00215450908
10169,"Anterolateral visual area, layer 6a",VISal6a,10164.0,8.0,586.0,0.055359375,10585.379621789443
10170,"Anterolateral visual area, layer 6b",VISal6b,10164.0,8.0,85.0,0.010984375,7738.264580369844
10171,Anteromedial visual area,VISam,10157.0,7.0,3971.0,0.395453125,10041.645264530403
10172,"Anteromedial visual area, layer 1",VISam1,10171.0,8.0,1505.0,0.067546875,22280.823502197545
10173,"Anteromedial visual area, layer 2/3",VISam2/3,10171.0,8.0,532.0,0.103828125,5123.85252069225
10174,"Anteromedial visual area, layer 4",VISam4,10171.0,8.0,193.0,0.030125,6406.639004149378
10175,"Anteromedial visual area, layer 5",VISam5,10171.0,8.0,863.0,0.11346875,7605.618286973286
10176,"Anteromedial visual area, layer 6a",VISam6a,10171.0,8.0,734.0,0.068171875,10766.903506761402
10177,"Anteromedial visual area, layer 6b",VISam6b,10171.0,8.0,144.0,0.0123125,11695.431472081218
10178,Lateral visual area,VISl,10157.0,7.0,4860.0,0.612828125,7930.445424644961
10179,"Lateral visual area, layer 1",VISl1,10178.0,8.0,850.0,0.09240625,9198.51200541089
10180,"Lateral visual area, layer 2/3",VISl2/3,10178.0,8.0,1165.0,0.150921875,7719.22559271146
10181,"Lateral visual area, layer 4",VISl4,10178.0,8.0,717.0,0.089609375,8001.394943330427
10182,"Lateral visual area, layer 5",VISl5,10178.0,8.0,1272.0,0.15721875,8090.638044126416
10183,"Lateral visual area, layer 6a",VISl6a,10178.0,8.0,779.0,0.10365625,7515.224600542659
10184,"Lateral visual area, layer 6b",VISl6b,10178.0,8.0,77.0,0.019015625,4049.301561216105
10185,Primary visual area,VISp,10157.0,7.0,34454.0,3.535171875,9746.060790891532
10186,"Primary visual area, layer 1",VISp1,10185.0,8.0,5454.0,0.631125,8641.711229946524
10187,"Primary visual area, layer 2/3",VISp2/3,10185.0,8.0,9021.0,1.000015625,9020.859049077357
10188,"Primary visual area, layer 4",VISp4,10185.0,8.0,7965.0,0.5121875,15550.945698596704
10189,"Primary visual area, layer 5",VISp5,10185.0,8.0,8029.0,0.77603125,10346.232835340072
10190,"Primary visual area, layer 6a",VISp6a,10185.0,8.0,3642.0,0.53453125,6813.446360713241
10191,"Primary visual area, layer 6b",VISp6b,10185.0,8.0,343.0,0.08128125,4219.915417147251
10192,Posterolateral visual area,VISpl,10157.0,7.0,1674.0,0.39575,4229.943145925458
10193,"Posterolateral visual area, layer 1",VISpl1,10192.0,8.0,263.0,0.094359375,2787.216426560689
10194,"Posterolateral visual area, layer 2/3",VISpl2/3,10192.0,8.0,539.0,0.10425,5170.263788968825
10195,"Posterolateral visual area, layer 4",VISpl4,10192.0,8.0,146.0,0.017875,8167.832167832168
10196,"Posterolateral visual area, layer 5",VISpl5,10192.0,8.0,575.0,0.121453125,4734.336806895664
10197,"Posterolateral visual area, layer 6a",VISpl6a,10192.0,8.0,149.0,0.05359375,2780.1749271137023
10198,"Posterolateral visual area, layer 6b",VISpl6b,10192.0,8.0,2.0,0.00421875,474.074074074074
10199,posteromedial visual area,VISpm,10157.0,7.0,5578.0,0.522546875,10674.640432975511
10200,"posteromedial visual area, layer 1",VISpm1,10199.0,8.0,1036.0,0.094328125,10982.93854563525
10201,"posteromedial visual area, layer 2/3",VISpm2/3,10199.0,8.0,1267.0,0.1465625,8644.776119402984
10202,"posteromedial visual area, layer 4",VISpm4,10199.0,8.0,644.0,0.04925,13076.142131979695
10203,"posteromedial visual area, layer 5",VISpm5,10199.0,8.0,1578.0,0.143078125,11028.939609042263
10204,"posteromedial visual area, layer 6a",VISpm6a,10199.0,8.0,951.0,0.075609375,12577.805331680098
10205,"posteromedial visual area, layer 6b",VISpm6b,10199.0,8.0,102.0,0.01371875,7435.079726651481
10206,Laterointermediate area,VISli,10157.0,7.0,2764.0,0.24634375,11220.093872891031
10207,"Laterointermediate area, layer 1",VISli1,10206.0,8.0,423.0,0.0373125,11336.683417085427
10208,"Laterointermediate area, layer 2/3",VISli2/3,10206.0,8.0,855.0,0.0584375,14631.016042780748
10209,"Laterointermediate area, layer 4",VISli4,10206.0,8.0,395.0,0.028546875,13836.89107827039
10210,"Laterointermediate area, layer 5",VISli5,10206.0,8.0,741.0,0.074296875,9973.501577287068
10211,"Laterointermediate area, layer 6a",VISli6a,10206.0,8.0,312.0,0.03953125,7892.490118577076
10212,"Laterointermediate area, layer 6b",VISli6b,10206.0,8.0,38.0,0.00821875,4623.574144486692
10213,Postrhinal area,VISpor,10157.0,7.0,6681.0,0.64153125,10414.145842466754
10214,"Postrhinal area, layer 1",VISpor1,10213.0,8.0,1354.0,0.1253125,10804.98753117207
10215,"Postrhinal area, layer 2/3",VISpor2/3,10213.0,8.0,2286.0,0.18690625,12230.73064704899
10216,"Postrhinal area, layer 4",VISpor4,10213.0,8.0,518.0,0.03025,17123.96694214876
10217,"Postrhinal area, layer 5",VISpor5,10213.0,8.0,1869.0,0.19259375,9704.364757423333
10218,"Postrhinal area, layer 6a",VISpor6a,10213.0,8.0,625.0,0.09009375,6937.21817551162
10219,"Postrhinal area, layer 6b",VISpor6b,10213.0,8.0,29.0,0.016375,1770.9923664122136
10220,Anterior cingulate area,ACA,10005.0,6.0,40360.0,2.78553125,14489.157140132604
10226,"Anterior cingulate area, dorsal part",ACAd,10220.0,7.0,18841.0,1.573359375,11975.013655097076
10227,"Anterior cingulate area, dorsal part, layer 1",ACAd1,10226.0,8.0,1140.0,0.306203125,3723.018829412665
10228,"Anterior cingulate area, dorsal part, layer 2/3",ACAd2/3,10226.0,8.0,5597.0,0.30678125,18244.2701436284
10229,"Anterior cingulate area, dorsal part, layer 5",ACAd5,10226.0,8.0,9804.0,0.59771875,16402.36315156585
10230,"Anterior cingulate area, dorsal part, layer 6a",ACAd6a,10226.0,8.0,2274.0,0.3501875,6493.664108513297
10231,"Anterior cingulate area, dorsal part, layer 6b",ACAd6b,10226.0,8.0,26.0,0.01246875,2085.2130325814537
10232,"Anterior cingulate area, ventral part",ACAv,10220.0,7.0,21519.0,1.212171875,17752.433003776798
10233,"Anterior cingulate area, ventral part, layer 1",ACAv1,10232.0,8.0,1042.0,0.239359375,4353.2867680658
10234,"Anterior cingulate area, ventral part, layer 2/3",ACAv2/3,10232.0,8.0,7810.0,0.261859375,29825.16856614357
10235,"Anterior cingulate area, ventral part, layer 5",ACAv5,10232.0,8.0,10928.0,0.49821875,21934.140375086245
10236,"Anterior cingulate area, ventral part, 6a",ACAv6a,10232.0,8.0,1627.0,0.181671875,8955.706545110517
10237,"Anterior cingulate area, ventral part, 6b",ACAv6b,10232.0,8.0,112.0,0.0310625,3605.6338028169016
10238,Prelimbic area,PL,10005.0,6.0,18581.0,1.20953125,15362.14959307583
10239,"Prelimbic area, layer 1",PL1,10238.0,7.0,2081.0,0.26446875,7868.604513765805
10241,"Prelimbic area, layer 2/3",PL2/3,10238.0,7.0,4073.0,0.211390625,19267.64727622145
10242,"Prelimbic area, layer 5",PL5,10238.0,7.0,10843.0,0.490953125,22085.61153368766
10243,"Prelimbic area, layer 6a",PL6a,10238.0,7.0,1550.0,0.232,6681.0344827586205
10244,"Prelimbic area, layer 6b",PL6b,10238.0,7.0,34.0,0.01071875,3172.01166180758
10245,Infralimbic area,ILA,10005.0,6.0,4830.0,0.423375,11408.325952170062
10246,"Infralimbic area, layer 1",ILA1,10245.0,7.0,111.0,0.077,1441.5584415584417
10248,"Infralimbic area, layer 2/3",ILA2/3,10245.0,7.0,624.0,0.071515625,8725.365960235962
10249,"Infralimbic area, layer 5",ILA5,10245.0,7.0,2900.0,0.166921875,17373.396985865395
10250,"Infralimbic area, layer 6a",ILA6a,10245.0,7.0,1188.0,0.102484375,11592.010977283122
10251,"Infralimbic area, layer 6b",ILA6b,10245.0,7.0,7.0,0.005453125,1283.6676217765043
10252,Orbital area,ORB,10005.0,6.0,25544.0,2.954953125,8644.468768011337
10258,"Orbital area, lateral part",ORBl,10252.0,7.0,6895.0,1.363578125,5056.549290125932
10259,"Orbital area, lateral part, layer 1",ORBl1,10258.0,8.0,416.0,0.187265625,2221.443471005424
10260,"Orbital area, lateral part, layer 2/3",ORBl2/3,10258.0,8.0,1791.0,0.310640625,5765.504753282028
10261,"Orbital area, lateral part, layer 5",ORBl5,10258.0,8.0,3423.0,0.60409375,5666.339040918731
10262,"Orbital area, lateral part, layer 6a",ORBl6a,10258.0,8.0,1169.0,0.23884375,4894.413188538532
10263,"Orbital area, lateral part, layer 6b",ORBl6b,10258.0,8.0,96.0,0.022734375,4222.680412371134
10264,"Orbital area, medial part",ORBm,10252.0,7.0,10452.0,0.703078125,14866.057737182478
10265,"Orbital area, medial part, layer 1",ORBm1,10264.0,8.0,1548.0,0.21559375,7180.171039281056
10267,"Orbital area, medial part, layer 2/3",ORBm2/3,10264.0,8.0,3248.0,0.15665625,20733.29343706364
10268,"Orbital area, medial part, layer 5",ORBm5,10264.0,8.0,5014.0,0.2356875,21273.932643861044
10269,"Orbital area, medial part, layer 6a",ORBm6a,10264.0,8.0,639.0,0.09321875,6854.844116661079
10270,"Orbital area, medial part, layer 6b",ORBm6b,10264.0,8.0,3.0,0.001921875,1560.9756097560976
10272,"Orbital area, ventrolateral part",ORBvl,10252.0,7.0,8197.0,0.888296875,9227.770839563069
10273,"Orbital area, ventrolateral part, layer 1",ORBvl1,10272.0,8.0,1050.0,0.193109375,5437.333117566146
10274,"Orbital area, ventrolateral part, layer 2/3",ORBvl2/3,10272.0,8.0,3664.0,0.2616875,14001.4330069262
10275,"Orbital area, ventrolateral part, layer 5",ORBvl5,10272.0,8.0,2907.0,0.30940625,9395.414604585396
10276,"Orbital area, ventrolateral part, layer 6a",ORBvl6a,10272.0,8.0,557.0,0.11915625,4674.534487280356
10277,"Orbital area, ventrolateral part, layer 6b",ORBvl6b,10272.0,8.0,19.0,0.0049375,3848.1012658227846
10278,Agranular insular area,AI,10005.0,6.0,28273.0,3.947640625,7161.9994537876655
10279,"Agranular insular area, dorsal part",AId,10278.0,7.0,14472.0,1.8626875,7769.4191859879875
10280,"Agranular insular area, dorsal part, layer 1",AId1,10279.0,8.0,1226.0,0.230171875,5326.454415857716
10281,"Agranular insular area, dorsal part, layer 2/3",AId2/3,10279.0,8.0,3141.0,0.46253125,6790.892507263023
10282,"Agranular insular area, dorsal part, layer 5",AId5,10279.0,8.0,6678.0,0.75565625,8837.351639717133
10283,"Agranular insular area, dorsal part, layer 6a",AId6a,10279.0,8.0,3279.0,0.3905625,8395.583293326932
10284,"Agranular insular area, dorsal part, layer 6b",AId6b,10279.0,8.0,148.0,0.023765625,6227.481919789612
10285,"Agranular insular area, posterior part",AIp,10278.0,7.0,6939.0,1.217875,5697.629067022477
10286,"Agranular insular area, posterior part, layer 1",AIp1,10285.0,8.0,100.0,0.211859375,472.01121026624384
10287,"Agranular insular area, posterior part, layer 2/3",AIp2/3,10285.0,8.0,1411.0,0.401546875,3513.911047122456
10288,"Agranular insular area, posterior part, layer 5",AIp5,10285.0,8.0,3056.0,0.376234375,8122.596453341085
10289,"Agranular insular area, posterior part, layer 6a",AIp6a,10285.0,8.0,2262.0,0.217828125,10384.333978911123
10290,"Agranular insular area, posterior part, layer 6b",AIp6b,10285.0,8.0,110.0,0.01040625,10570.57057057057
10291,"Agranular insular area, ventral part",AIv,10278.0,7.0,6862.0,0.867078125,7913.935090912367
10292,"Agranular insular area, ventral part, layer 1",AIv1,10291.0,8.0,1796.0,0.12509375,14357.232075943042
10293,"Agranular insular area, ventral part, layer 2/3",AIv2/3,10291.0,8.0,1550.0,0.2971875,5215.562565720295
10294,"Agranular insular area, ventral part, layer 5",AIv5,10291.0,8.0,2852.0,0.359796875,7926.694749641724
10295,"Agranular insular area, ventral part, layer 6a",AIv6a,10291.0,8.0,655.0,0.08346875,7847.248221639836
10296,"Agranular insular area, ventral part, layer 6b",AIv6b,10291.0,8.0,9.0,0.00153125,5877.551020408163
10297,Retrosplenial area,RSP,10005.0,6.0,73794.0,5.25715625,14036.866414232978
10298,"Retrosplenial area, lateral agranular part",RSPagl,10297.0,7.0,10322.0,1.1773125,8767.425810904071
10299,"Retrosplenial area, lateral agranular part, layer 1",RSPagl1,10298.0,8.0,3374.0,0.252921875,13340.087724717365
10300,"Retrosplenial area, lateral agranular part, layer 2/3",RSPagl2/3,10298.0,8.0,3273.0,0.33521875,9763.77365526242
10301,"Retrosplenial area, lateral agranular part, layer 5",RSPagl5,10298.0,8.0,2316.0,0.366015625,6327.5987193169685
10302,"Retrosplenial area, lateral agranular part, layer 6a",RSPagl6a,10298.0,8.0,1277.0,0.205265625,6221.207277156123
10303,"Retrosplenial area, lateral agranular part, layer 6b",RSPagl6b,10298.0,8.0,82.0,0.017890625,4583.406113537118
10325,"Retrosplenial area, dorsal part",RSPd,10297.0,7.0,21122.0,1.896390625,11138.000642668228
10326,"Retrosplenial area, dorsal part, layer 1",RSPd1,10325.0,8.0,6302.0,0.412265625,15286.261133219632
10327,"Retrosplenial area, dorsal part, layer 2/3",RSPd2/3,10325.0,8.0,5647.0,0.486953125,11596.59874859618
10329,"Retrosplenial area, dorsal part, layer 5",RSPd5,10325.0,8.0,7083.0,0.601875,11768.22429906542
10330,"Retrosplenial area, dorsal part, layer 6a",RSPd6a,10325.0,8.0,2030.0,0.379296875,5352.008238928939
10331,"Retrosplenial area, dorsal part, layer 6b",RSPd6b,10325.0,8.0,60.0,0.016,3750.0
10332,"Retrosplenial area, ventral part",RSPv,10297.0,7.0,42350.0,2.183453125,19395.882382407453
10333,"Retrosplenial area, ventral part, layer 1",RSPv1,10332.0,8.0,9057.0,0.48365625,18726.109711184337
10335,"Retrosplenial area, ventral part, layer 2/3",RSPv2/3,10332.0,8.0,17055.0,0.50909375,33500.70591123933
10336,"Retrosplenial area, ventral part, layer 5",RSPv5,10332.0,8.0,13822.0,0.83690625,16515.5894104029
10337,"Retrosplenial area, ventral part, layer 6a",RSPv6a,10332.0,8.0,2288.0,0.32978125,6937.932341514261
10338,"Retrosplenial area, ventral part, layer 6b",RSPv6b,10332.0,8.0,128.0,0.024015625,5329.863370201692
10339,Posterior parietal association areas,PTLp,10005.0,6.0,17136.0,1.226875,13967.193071828837
10346,Anterior area,VISa,10339.0,7.0,7860.0,0.718921875,10933.03775184195
10347,"Anterior area, layer 1",VISa1,10346.0,8.0,2311.0,0.1199375,19268.368942157373
10348,"Anterior area, layer 2/3",VISa2/3,10346.0,8.0,1340.0,0.212921875,6293.388126513539
10349,"Anterior area, layer 4",VISa4,10346.0,8.0,1013.0,0.077625,13049.919484702094
10350,"Anterior area, layer 5",VISa5,10346.0,8.0,2100.0,0.1774375,11835.153222965831
10351,"Anterior area, layer 6a",VISa6a,10346.0,8.0,1015.0,0.11134375,9115.91355599214
10352,"Anterior area, layer 6b",VISa6b,10346.0,8.0,81.0,0.01965625,4120.826709062003
10353,Rostrolateral visual area,VISrl,10339.0,7.0,9276.0,0.507953125,18261.52757697868
10354,"Rostrolateral area, layer 1",VISrl1,10353.0,8.0,1548.0,0.084875,18238.586156111927
10355,"Rostrolateral area, layer 2/3",VISrl2/3,10353.0,8.0,2175.0,0.13784375,15778.734980729994
10356,"Rostrolateral area, layer 4",VISrl4,10353.0,8.0,2020.0,0.0730625,27647.562018819503
10357,"Rostrolateral area, layer 5",VISrl5,10353.0,8.0,2470.0,0.122328125,20191.595350619493
10358,"Rostrolateral area, layer 6a",VISrl6a,10353.0,8.0,950.0,0.0756875,12551.61023947151
10359,"Rostrolateral area, layer 6b",VISrl6b,10353.0,8.0,113.0,0.01415625,7982.3399558498895
10360,Temporal association areas,TEa,10005.0,6.0,14541.0,1.551015625,9375.147332896791
10361,"Temporal association areas, layer 1",TEa1,10360.0,7.0,2504.0,0.26396875,9485.971350775424
10362,"Temporal association areas, layer 2/3",TEa2/3,10360.0,7.0,3485.0,0.34825,10007.178750897345
10363,"Temporal association areas, layer 4",TEa4,10360.0,7.0,1468.0,0.1559375,9414.028056112224
10364,"Temporal association areas, layer 5",TEa5,10360.0,7.0,3903.0,0.47590625,8201.19508831834
10365,"Temporal association areas, layer 6a",TEa6a,10360.0,7.0,2810.0,0.263484375,10664.769020933403
10366,"Temporal association areas, layer 6b",TEa6b,10360.0,7.0,371.0,0.04346875,8534.867002156721
10367,Perirhinal area,PERI,10005.0,6.0,5118.0,0.395,12956.962025316456
10368,"Perirhinal area, layer 1",PERI1,10367.0,7.0,1734.0,0.1109375,15630.422535211268
10369,"Perirhinal area, layer 2/3",PERI2/3,10367.0,7.0,2267.0,0.166546875,13611.783469368607
10370,"Perirhinal area, layer 5",PERI5,10367.0,7.0,859.0,0.084,10226.190476190475
10371,"Perirhinal area, layer 6a",PERI6a,10367.0,7.0,220.0,0.027,8148.148148148148
10372,"Perirhinal area, layer 6b",PERI6b,10367.0,7.0,38.0,0.006515625,5832.134292565947
10373,Ectorhinal area,ECT,10005.0,6.0,10796.0,0.85615625,12609.84779355404
10374,Ectorhinal area/Layer 1,ECT1,10373.0,7.0,1917.0,0.12846875,14921.916808562397
10375,Ectorhinal area/Layer 2/3,ECT2/3,10373.0,7.0,3251.0,0.239046875,13599.843127001765
10376,Ectorhinal area/Layer 5,ECT5,10373.0,7.0,2983.0,0.264375,11283.21513002364
10377,Ectorhinal area/Layer 6a,ECT6a,10373.0,7.0,2347.0,0.194765625,12050.381066987566
10378,Ectorhinal area/Layer 6b,ECT6b,10373.0,7.0,298.0,0.0295,10101.694915254238
10379,Olfactory areas,OLF,10004.0,5.0,400559.0,23.3463125,17157.27055396864
10380,Main olfactory bulb,MOB,10379.0,6.0,230059.0,8.23128125,27949.354786048647
10386,Accessory olfactory bulb,AOB,10379.0,6.0,1737.0,0.32590625,5329.753571771023
10387,"Accessory olfactory bulb, glomerular layer",AOBgl,10386.0,7.0,118.0,0.07715625,1529.3641150263263
10388,"Accessory olfactory bulb, granular layer",AOBgr,10386.0,7.0,915.0,0.11025,8299.319727891156
10389,"Accessory olfactory bulb, mitral layer",AOBmi,10386.0,7.0,704.0,0.1385,5083.032490974729
10390,Anterior olfactory nucleus,AON,10379.0,6.0,32851.0,2.43503125,13490.997292129206
10398,Taenia tecta,TT,10379.0,6.0,10214.0,0.724765625,14092.831734396896
10399,"Taenia tecta, dorsal part",TTd,10398.0,7.0,4020.0,0.364328125,11034.00952095038
10405,"Taenia tecta, ventral part",TTv,10398.0,7.0,6194.0,0.3604375,17184.67140627709
10410,Dorsal peduncular area,DP,10379.0,6.0,2913.0,0.251671875,11574.594896628796
10416,Piriform area,PIR,10379.0,6.0,56168.0,5.783140625,9712.369738544963
10421,Nucleus of the lateral olfactory tract,NLOT,10379.0,6.0,1346.0,0.159328125,8447.974894576837
10423,"Nucleus of the lateral olfactory tract, molecular layer",NLOT1,10421.0,7.0,496.0,0.055703125,8904.347826086956
10424,"Nucleus of the lateral olfactory tract, pyramidal layer",NLOT2,10421.0,7.0,685.0,0.074671875,9173.467252563298
10425,"Nucleus of the lateral olfactory tract, layer 3",NLOT3,10421.0,7.0,165.0,0.028953125,5698.866702644361
10426,Cortical amygdalar area,COA,10379.0,6.0,14804.0,1.632734375,9066.99842097708
10427,"Cortical amygdalar area, anterior part",COAa,10426.0,7.0,4980.0,0.384109375,12965.057153317332
10431,"Cortical amygdalar area, posterior part",COAp,10426.0,7.0,9824.0,1.248625,7867.854640104114
10432,"Cortical amygdalar area, posterior part, lateral zone",COApl,10431.0,8.0,5621.0,0.601015625,9352.502274795268
10438,"Cortical amygdalar area, posterior part, medial zone",COApm,10431.0,8.0,4203.0,0.647609375,6490.023403382633
10444,Piriform-amygdalar area,PAA,10379.0,6.0,5085.0,0.595671875,8536.578968077014
10449,Postpiriform transition area,TR,10379.0,6.0,3547.0,0.699109375,5073.598104731466
10454,Hippocampal formation,HPF,10004.0,5.0,91909.0,21.32703125,4309.507447268358
10455,Hippocampal region,HIP,10454.0,6.0,33038.0,11.8685,2783.67106205502
10456,Ammon's horn,CA,10455.0,7.0,26035.0,8.47478125,3072.055694652886
10457,Field CA1,CA1,10456.0,8.0,17283.0,5.105078125,3385.4525977504013
10462,Field CA2,CA2,10456.0,8.0,633.0,0.2374375,2665.964727559884
10467,Field CA3,CA3,10456.0,8.0,8119.0,3.132265625,2592.053475669069
10473,Dentate gyrus,DG,10455.0,7.0,6271.0,3.298953125,1900.9060639502115
10474,"Dentate gyrus, molecular layer",DG-mo,10473.0,8.0,2353.0,2.156515625,1091.1119644681453
10475,"Dentate gyrus, polymorph layer",DG-po,10473.0,8.0,1672.0,0.341859375,4890.899949723479
10476,"Dentate gyrus, granule cell layer",DG-sg,10473.0,8.0,2246.0,0.800578125,2805.472607685852
10490,Fasciola cinerea,FC,10455.0,7.0,374.0,0.031125,12016.064257028112
10491,Induseum griseum,IG,10455.0,7.0,358.0,0.063640625,5625.337589000736
10492,Retrohippocampal region,RHP,10454.0,6.0,58368.0,9.247609375,6311.685283527669
10493,Entorhinal area,ENT,10492.0,7.0,45379.0,5.70525,7953.902107707812
10494,"Entorhinal area, lateral part",ENTl,10493.0,8.0,30723.0,3.1900625,9630.8457906389
10495,"Entorhinal area, lateral part, layer 1",ENTl1,10494.0,9.0,4903.0,0.49084375,9988.92213662698
10496,"Entorhinal area, lateral part, layer 2",ENTl2,10494.0,9.0,9063.0,0.801296875,11310.41475732699
10500,"Entorhinal area, lateral part, layer 3",ENTl3,10494.0,9.0,7181.0,0.657828125,10916.225267808366
10503,"Entorhinal area, lateral part, layer 5",ENTl5,10494.0,9.0,5976.0,0.714703125,8361.513740407949
10505,"Entorhinal area, lateral part, layer 6a",ENTl6a,10494.0,9.0,3600.0,0.525390625,6852.044609665428
10507,"Entorhinal area, medial part, dorsal zone",ENTm,10493.0,8.0,14656.0,2.5151875,5827.000969112641
10508,"Entorhinal area, medial part, dorsal zone, layer 1",ENTm1,10507.0,9.0,2732.0,0.622875,4386.112783463777
10509,"Entorhinal area, medial part, dorsal zone, layer 2",ENTm2,10507.0,9.0,4367.0,0.62978125,6934.153724011314
10512,"Entorhinal area, medial part, dorsal zone, layer 3",ENTm3,10507.0,9.0,2918.0,0.491859375,5932.589980622002
10514,"Entorhinal area, medial part, dorsal zone, layer 5",ENTm5,10507.0,9.0,3001.0,0.45671875,6570.783441669518
10516,"Entorhinal area, medial part, dorsal zone, layer 6",ENTm6,10507.0,9.0,1638.0,0.313953125,5217.33937192057
10523,Parasubiculum,PAR,10492.0,7.0,1648.0,0.466046875,3536.1249874274986
10527,Postsubiculum,POST,10492.0,7.0,1211.0,0.54021875,2241.6845028055764
10531,Presubiculum,PRE,10492.0,7.0,1288.0,0.4620625,2787.501690788584
10535,Subiculum,SUB,10492.0,7.0,4194.0,1.052015625,3986.63280310119
10544,Prosubiculum,ProS,10492.0,7.0,2784.0,0.649890625,4283.797754429832
10553,Hippocampo-amygdalar transition area,HATA,10492.0,7.0,1725.0,0.21071875,8186.267240100845
10554,Area prostriata,APr,10492.0,7.0,139.0,0.16140625,861.1810261374637
10555,Cortical subplate,CTXsp,10003.0,4.0,32730.0,4.45275,7350.513727471787
10557,Claustrum,CLA,10555.0,5.0,2727.0,0.27528125,9906.23226245885
10558,Endopiriform nucleus,EP,10555.0,5.0,10717.0,1.394734375,7683.900384257755
10559,"Endopiriform nucleus, dorsal part",EPd,10558.0,6.0,7408.0,0.908265625,8156.204304219925
10560,"Endopiriform nucleus, ventral part",EPv,10558.0,6.0,3309.0,0.48646875,6802.0813258816725
10561,Lateral amygdalar nucleus,LA,10555.0,5.0,2310.0,0.420140625,5498.159098516122
10562,Basolateral amygdalar nucleus,BLA,10555.0,5.0,7621.0,0.94975,8024.216899183996
10563,"Basolateral amygdalar nucleus, anterior part",BLAa,10562.0,6.0,3564.0,0.3850625,9255.640318130174
10564,"Basolateral amygdalar nucleus, posterior part",BLAp,10562.0,6.0,2320.0,0.355421875,6527.454169780631
10565,"Basolateral amygdalar nucleus, ventral part",BLAv,10562.0,6.0,1737.0,0.209265625,8300.455461808408
10566,Basomedial amygdalar nucleus,BMA,10555.0,5.0,5695.0,0.743,7664.872139973082
10567,"Basomedial amygdalar nucleus, anterior part",BMAa,10566.0,6.0,2906.0,0.38415625,7564.630277393639
10568,"Basomedial amygdalar nucleus, posterior part",BMAp,10566.0,6.0,2789.0,0.35884375,7772.184969084734
10569,Posterior amygdalar nucleus,PA,10555.0,5.0,2205.0,0.48284375,4566.6947123163545
10570,Cerebral nuclei,CNU,10002.0,3.0,82275.0,27.186828125,3026.2816839726497
10571,Striatum,STR,10570.0,4.0,71224.0,22.490421875,3166.85922548974
10572,Striatum dorsal region,STRd,10571.0,5.0,18043.0,13.0101875,1386.8362773403535
10573,Caudoputamen,CP,10572.0,6.0,18043.0,13.0101875,1386.8362773403535
10574,Striatum ventral region,STRv,10571.0,5.0,17181.0,4.3243125,3973.117113992109
10575,Nucleus accumbens,ACB,10574.0,6.0,7437.0,2.198734375,3382.400386586033
10576,Fundus of striatum,FS,10574.0,6.0,768.0,0.215703125,3560.449112640348
10577,Olfactory tubercle,OT,10574.0,6.0,8976.0,1.909875,4699.784017278617
10585,Lateral septal complex,LSX,10571.0,5.0,14365.0,1.786109375,8042.620570198843
10586,Lateral septal nucleus,LS,10585.0,6.0,13306.0,1.527,8713.81794368042
10587,"Lateral septal nucleus, caudal (caudodorsal) part",LSc,10586.0,7.0,4767.0,0.281171875,16954.042789663796
10588,"Lateral septal nucleus, rostral (rostroventral) part",LSr,10586.0,7.0,6224.0,0.94175,6608.972657286966
10589,"Lateral septal nucleus, ventral part",LSv,10586.0,7.0,2315.0,0.304078125,7613.175068084888
10590,Septofimbrial nucleus,SF,10585.0,6.0,990.0,0.240625,4114.285714285714
10591,Septohippocampal nucleus,SH,10585.0,6.0,69.0,0.018484375,3732.882502113271
10592,Striatum-like amygdalar nuclei,sAMY,10571.0,5.0,11662.0,2.02428125,5761.057165351899
10593,Anterior amygdalar area,AAA,10592.0,6.0,1122.0,0.247453125,4534.19208183368
10594,Bed nucleus of the accessory olfactory tract,BA,10592.0,6.0,143.0,0.01246875,11468.671679197994
10595,Central amygdalar nucleus,CEA,10592.0,6.0,4190.0,0.6586875,6361.134832526805
10596,"Central amygdalar nucleus, capsular part",CEAc,10595.0,7.0,823.0,0.154875,5313.962873284907
10597,"Central amygdalar nucleus, lateral part",CEAl,10595.0,7.0,909.0,0.12990625,6997.353860957422
10598,"Central amygdalar nucleus, medial part",CEAm,10595.0,7.0,2458.0,0.37390625,6573.84036773924
10599,Intercalated amygdalar nucleus,IA,10592.0,6.0,631.0,0.09121875,6917.4374785885575
10600,Medial amygdalar nucleus,MEA,10592.0,6.0,5576.0,1.014453125,5496.557566422795
10608,Pallidum,PAL,10570.0,4.0,11051.0,4.69640625,2353.07582260372
10609,"Pallidum, dorsal region",PALd,10608.0,5.0,663.0,0.994328125,666.7819036095353
10610,"Globus pallidus, external segment",GPe,10609.0,6.0,602.0,0.7826875,769.1447736165455
10611,"Globus pallidus, internal segment",GPi,10609.0,6.0,61.0,0.211640625,288.2244370616464
10612,"Pallidum, ventral region",PALv,10608.0,5.0,4549.0,1.69628125,2681.748678174684
10613,Substantia innominata,SI,10612.0,6.0,3822.0,1.514046875,2524.3604165161664
10614,Magnocellular nucleus,MA,10612.0,6.0,727.0,0.182234375,3989.3680871130928
10615,"Pallidum, medial region",PALm,10608.0,5.0,3240.0,0.766171875,4228.816151728358
10616,Medial septal complex,MSC,10615.0,6.0,2381.0,0.586015625,4063.031595787228
10617,Medial septal nucleus,MS,10616.0,7.0,1023.0,0.21390625,4782.468955441928
10618,Diagonal band nucleus,NDB,10616.0,7.0,1358.0,0.372109375,3649.4646231366783
10619,Triangular nucleus of septum,TRS,10615.0,6.0,859.0,0.18015625,4768.083261058109
10620,"Pallidum, caudal region",PALc,10608.0,5.0,1450.0,0.6740625,2151.1358368103847
10621,Bed nuclei of the stria terminalis,BST,10620.0,6.0,1439.0,0.670265625,2146.9100403291604
10638,Bed nucleus of the anterior commissure,BAC,10620.0,6.0,11.0,0.003796875,2897.1193415637863
10639,Brain stem,BS,10001.0,2.0,301036.0,60.070484375,5011.379600682636
10640,Interbrain,IB,10639.0,3.0,88301.0,17.777890625,4966.899721827937
10641,Thalamus,TH,10640.0,4.0,33148.0,10.156609375,3263.687592592877
10642,"Thalamus, sensory-motor cortex related",DORsm,10641.0,5.0,4631.0,3.340140625,1386.4685712147225
10643,Ventral group of the dorsal thalamus,VENT,10642.0,6.0,1556.0,2.429421875,640.4815960587331
10644,Ventral anterior-lateral complex of the thalamus,VAL,10643.0,7.0,71.0,0.40825,173.91304347826087
10645,Ventral medial nucleus of the thalamus,VM,10643.0,7.0,170.0,0.463640625,366.6632965996024
10646,Ventral posterior complex of the thalamus,VP,10643.0,7.0,998.0,1.41740625,704.1030050488348
10647,Ventral posterolateral nucleus of the thalamus,VPL,10646.0,8.0,308.0,0.43796875,703.246521584017
10648,"Ventral posterolateral nucleus of the thalamus, parvicellular part",VPLpc,10646.0,8.0,29.0,0.0494375,586.599241466498
10649,Ventral posteromedial nucleus of the thalamus,VPM,10646.0,8.0,430.0,0.82265625,522.6970560303894
10650,"Ventral posteromedial nucleus of the thalamus, parvicellular part",VPMpc,10646.0,8.0,231.0,0.10734375,2151.9650655021837
10651,Posterior triangular thalamic nucleus,PoT,10643.0,7.0,317.0,0.140125,2262.265834076717
10652,Subparafascicular nucleus,SPF,10642.0,6.0,727.0,0.1019375,7131.82096873084
10653,"Subparafascicular nucleus, magnocellular part",SPFm,10652.0,7.0,412.0,0.034859375,11818.91528462573
10654,"Subparafascicular nucleus, parvicellular part",SPFp,10652.0,7.0,315.0,0.067078125,4696.016771488469
10655,Subparafascicular area,SPA,10642.0,6.0,914.0,0.067234375,13594.236579130838
10656,Peripeduncular nucleus,PP,10642.0,6.0,154.0,0.030875,4987.854251012146
10657,"Geniculate group, dorsal thalamus",GENd,10642.0,6.0,1280.0,0.710671875,1801.1125035727637
10658,Medial geniculate complex,MG,10657.0,7.0,542.0,0.350015625,1548.5022990045088
10659,"Medial geniculate complex, dorsal part",MGd,10658.0,8.0,70.0,0.08615625,812.4773304316285
10660,"Medial geniculate complex, ventral part",MGv,10658.0,8.0,184.0,0.13859375,1327.621195039459
10661,"Medial geniculate complex, medial part",MGm,10658.0,8.0,288.0,0.125265625,2299.114381938381
10662,Dorsal part of the lateral geniculate complex,LGd,10657.0,7.0,738.0,0.36065625,2046.2698206394596
10663,"Dorsal part of the lateral geniculate complex, shell",LGd-sh,10662.0,8.0,277.0,0.1035,2676.3285024154598
10664,"Dorsal part of the lateral geniculate complex, core",LGd-co,10662.0,8.0,393.0,0.20915625,1878.9780367548185
10665,"Dorsal part of the lateral geniculate complex, ipsilateral zone",LGd-ip,10662.0,8.0,68.0,0.048,1416.6666666666667
10666,"Thalamus, polymodal association cortex related",DORpm,10641.0,5.0,26610.0,6.356421875,4186.317479124213
10667,Lateral group of the dorsal thalamus,LAT,10666.0,6.0,1669.0,1.540796875,1083.2057275557493
10668,Lateral posterior nucleus of the thalamus,LP,10667.0,7.0,797.0,0.602390625,1323.061759136773
10669,Posterior complex of the thalamus,PO,10667.0,7.0,109.0,0.626046875,174.10836848279132
10670,Posterior limiting nucleus of the thalamus,POL,10667.0,7.0,390.0,0.10290625,3789.85727300334
10671,Suprageniculate nucleus,SGN,10667.0,7.0,338.0,0.090875,3719.39477303989
10672,Ethmoid nucleus of the thalamus,Eth,10667.0,7.0,35.0,0.118578125,295.1640532349453
10674,Anterior group of the dorsal thalamus,ATN,10666.0,6.0,2246.0,1.079328125,2080.924186053245
10675,Anteroventral nucleus of thalamus,AV,10674.0,7.0,661.0,0.20815625,3175.499174298154
10676,Anteromedial nucleus,AM,10674.0,7.0,332.0,0.2054375,1616.0632795862489
10677,"Anteromedial nucleus, dorsal part",AMd,10676.0,8.0,258.0,0.122453125,2106.928671685594
10678,"Anteromedial nucleus, ventral part",AMv,10676.0,8.0,74.0,0.082984375,891.7341366974205
10679,Anterodorsal nucleus,AD,10674.0,7.0,226.0,0.07990625,2828.3144309737977
10680,Interanteromedial nucleus of the thalamus,IAM,10674.0,7.0,320.0,0.02159375,14819.102749638208
10681,Interanterodorsal nucleus of the thalamus,IAD,10674.0,7.0,235.0,0.056515625,4158.142106718275
10682,Lateral dorsal nucleus of thalamus,LD,10674.0,7.0,472.0,0.50771875,929.6485505016312
10683,Medial group of the dorsal thalamus,MED,10666.0,6.0,5142.0,1.01,5091.089108910891
10684,Intermediodorsal nucleus of the thalamus,IMD,10683.0,7.0,1323.0,0.0910625,14528.483184625942
10685,Mediodorsal nucleus of thalamus,MD,10683.0,7.0,2739.0,0.68928125,3973.704492904747
10689,Submedial nucleus of the thalamus,SMT,10683.0,7.0,982.0,0.153921875,6379.859912699218
10690,Perireunensis nucleus,PR,10683.0,7.0,98.0,0.075734375,1293.9962863626984
10691,Midline group of the dorsal thalamus,MTN,10666.0,6.0,7299.0,0.60178125,12128.9920548372
10692,Paraventricular nucleus of the thalamus,PVT,10691.0,7.0,4714.0,0.227078125,20759.375215027867
10693,Parataenial nucleus,PT,10691.0,7.0,687.0,0.114765625,5986.113002042206
10694,Nucleus of reuniens,RE,10691.0,7.0,1579.0,0.21415625,7373.121260761711
10695,Xiphoid thalamic nucleus,Xi,10691.0,7.0,319.0,0.04578125,6967.918088737201
10696,Intralaminar nuclei of the dorsal thalamus,ILM,10666.0,6.0,3427.0,0.805875,4252.520552194819
10697,Rhomboid nucleus,RH,10696.0,7.0,684.0,0.046546875,14694.864048338368
10698,Central medial nucleus of the thalamus,CM,10696.0,7.0,1335.0,0.127234375,10492.447500921036
10699,Paracentral nucleus,PCN,10696.0,7.0,182.0,0.119375,1524.607329842932
10700,Central lateral nucleus of the thalamus,CL,10696.0,7.0,86.0,0.179890625,478.0682706505689
10701,Parafascicular nucleus,PF,10696.0,7.0,838.0,0.245109375,3418.881876713202
10702,Posterior intralaminar thalamic nucleus,PIL,10696.0,7.0,302.0,0.08771875,3442.821517634485
10703,Reticular nucleus of the thalamus,RT,10666.0,6.0,923.0,0.72375,1275.3022452504315
10704,"Geniculate group, ventral thalamus",GENv,10666.0,6.0,3324.0,0.26209375,12682.484797901514
10705,Intergeniculate leaflet of the lateral geniculate complex,IGL,10704.0,7.0,561.0,0.034546875,16238.805970149257
10706,Intermediate geniculate nucleus,IntG,10704.0,7.0,111.0,0.011453125,9691.678035470668
10707,Ventral part of the lateral geniculate complex,LGv,10704.0,7.0,2620.0,0.202453125,12941.267268657868
10710,Subgeniculate nucleus,SubG,10704.0,7.0,32.0,0.013640625,2345.933562428408
10711,Epithalamus,EPI,10666.0,6.0,2580.0,0.332796875,7752.476642095873
10712,Medial habenula,MH,10711.0,7.0,2029.0,0.159953125,12684.966298720328
10713,Lateral habenula,LH,10711.0,7.0,551.0,0.17284375,3187.850298318568
10715,Hypothalamus,HY,10640.0,4.0,55153.0,7.62128125,7236.709706783226
10716,Periventricular zone,PVZ,10715.0,5.0,6336.0,0.3959375,16002.525651144437
10717,Supraoptic nucleus,SO,10716.0,6.0,142.0,0.02359375,6018.543046357616
10718,Accessory supraoptic group,ASO,10716.0,6.0,48.0,0.003015625,15917.098445595857
10720,Paraventricular hypothalamic nucleus,PVH,10716.0,6.0,1352.0,0.095890625,14099.397099560048
10731,"Periventricular hypothalamic nucleus, anterior part",PVa,10716.0,6.0,501.0,0.02525,19841.58415841584
10732,"Periventricular hypothalamic nucleus, intermediate part",PVi,10716.0,6.0,1220.0,0.103765625,11757.26547206746
10733,Arcuate hypothalamic nucleus,ARH,10716.0,6.0,3073.0,0.144421875,21277.94006275019
10734,Periventricular region,PVR,10715.0,5.0,11879.0,1.0321875,11508.567968513473
10735,Anterodorsal preoptic nucleus,ADP,10734.0,6.0,440.0,0.049375,8911.39240506329
10737,Anteroventral preoptic nucleus,AVP,10734.0,6.0,254.0,0.046234375,5493.747887799932
10738,Anteroventral periventricular nucleus,AVPV,10734.0,6.0,1385.0,0.09271875,14937.647455342096
10739,Dorsomedial nucleus of the hypothalamus,DMH,10734.0,6.0,2596.0,0.1899375,13667.65383349786
10743,Median preoptic nucleus,MEPO,10734.0,6.0,215.0,0.022328125,9629.111266620012
10744,Medial preoptic area,MPO,10734.0,6.0,2138.0,0.278109375,7687.622900162931
10745,Vascular organ of the lamina terminalis,OV,10734.0,6.0,193.0,0.004578125,42156.99658703072
10746,Posterodorsal preoptic nucleus,PD,10734.0,6.0,39.0,0.00584375,6673.79679144385
10747,Parastrial nucleus,PS,10734.0,6.0,356.0,0.04815625,7392.602206359507
10749,"Periventricular hypothalamic nucleus, posterior part",PVp,10734.0,6.0,1211.0,0.064015625,18917.25652916768
10750,"Periventricular hypothalamic nucleus, preoptic part",PVpo,10734.0,6.0,856.0,0.072546875,11799.267714839543
10751,Subparaventricular zone,SBPV,10734.0,6.0,630.0,0.0554375,11364.148816234498
10752,Suprachiasmatic nucleus,SCH,10734.0,6.0,1052.0,0.033078125,31803.495512517715
10753,Subfornical organ,SFO,10734.0,6.0,20.0,0.011171875,1790.2097902097903
10754,Ventromedial preoptic nucleus,VMPO,10734.0,6.0,304.0,0.025046875,12137.242669993762
10755,Ventrolateral preoptic nucleus,VLPO,10734.0,6.0,190.0,0.033609375,5653.184565318457
10756,Hypothalamic medial zone,MEZ,10715.0,5.0,15743.0,1.929375,8159.637188208617
10757,Anterior hypothalamic nucleus,AHN,10756.0,6.0,3079.0,0.35571875,8655.714662215585
10762,Mammillary body,MBO,10756.0,6.0,3498.0,0.510859375,6847.285517663251
10763,Lateral mammillary nucleus,LM,10762.0,7.0,159.0,0.038515625,4128.194726166329
10764,Medial mammillary nucleus,MM,10762.0,7.0,1877.0,0.2724375,6889.653590272998
10765,"Medial mammillary nucleus, median part",MMme,10764.0,8.0,358.0,0.040109375,8925.594078691078
10766,"Medial mammillary nucleus, lateral part",MMl,10764.0,8.0,540.0,0.10684375,5054.109388710149
10767,"Medial mammillary nucleus, medial part",MMm,10764.0,8.0,425.0,0.06790625,6258.628624022089
10768,"Medial mammillary nucleus, posterior part",MMp,10764.0,8.0,45.0,0.01909375,2356.792144026186
10769,"Medial mammillary nucleus, dorsal part",MMd,10764.0,8.0,509.0,0.038484375,13226.146975233454
10770,Supramammillary nucleus,SUM,10762.0,7.0,918.0,0.128078125,7167.500304989631
10773,Tuberomammillary nucleus,TM,10762.0,7.0,544.0,0.071828125,7573.634979334348
10774,"Tuberomammillary nucleus, dorsal part",TMd,10773.0,8.0,249.0,0.01771875,14052.910052910054
10775,"Tuberomammillary nucleus, ventral part",TMv,10773.0,8.0,295.0,0.054109375,5451.920300317644
10776,Medial preoptic nucleus,MPN,10756.0,6.0,1642.0,0.203484375,8069.415649235967
10780,Dorsal premammillary nucleus,PMd,10756.0,6.0,338.0,0.06590625,5128.496917970602
10781,Ventral premammillary nucleus,PMv,10756.0,6.0,560.0,0.09784375,5723.411050782498
10782,"Paraventricular hypothalamic nucleus, descending division",PVHd,10756.0,6.0,658.0,0.065421875,10057.797946023406
10787,Ventromedial hypothalamic nucleus,VMH,10756.0,6.0,2174.0,0.275203125,7899.619599159711
10792,Posterior hypothalamic nucleus,PH,10756.0,6.0,3794.0,0.3549375,10689.205846099663
10793,Hypothalamic lateral zone,LZ,10715.0,5.0,11122.0,2.84278125,3912.365750970111
10794,Lateral hypothalamic area,LHA,10793.0,6.0,5120.0,1.03534375,4945.217470043162
10795,Lateral preoptic area,LPO,10793.0,6.0,667.0,0.27771875,2401.7103634522337
10796,Preparasubthalamic nucleus,PST,10793.0,6.0,52.0,0.006296875,8258.064516129032
10797,Parasubthalamic nucleus,PSTN,10793.0,6.0,626.0,0.082875,7553.544494720965
10798,Perifornical nucleus,PeF,10793.0,6.0,684.0,0.107453125,6365.566380689254
10799,Retrochiasmatic area,RCH,10793.0,6.0,300.0,0.073703125,4070.383718465127
10800,Subthalamic nucleus,STN,10793.0,6.0,414.0,0.097484375,4246.834428594326
10801,Tuberal nucleus,TU,10793.0,6.0,1137.0,0.26165625,4345.395915442494
10802,Zona incerta,ZI,10793.0,6.0,2122.0,0.90025,2357.123021382949
10804,Fields of Forel,FF,10802.0,7.0,243.0,0.12028125,2020.265003897116
10805,Median eminence,ME,10715.0,5.0,853.0,0.040625,20996.923076923074
10806,Midbrain,MB,10639.0,3.0,116363.0,18.4108125,6320.36201552756
10807,"Midbrain, sensory related",MBsen,10806.0,4.0,45617.0,3.4318125,13292.392868200111
10808,"Superior colliculus, sensory related",SCs,10807.0,5.0,22567.0,1.081125,20873.627008902764
10809,"Superior colliculus, optic layer",SCop,10808.0,6.0,7176.0,0.322046875,22282.470525447578
10810,"Superior colliculus, superficial gray layer",SCsg,10808.0,6.0,11182.0,0.576546875,19394.78034635085
10811,"Superior colliculus, zonal layer",SCzo,10808.0,6.0,4209.0,0.18253125,23059.065228556752
10812,Inferior colliculus,IC,10807.0,5.0,22671.0,2.223328125,10196.875461196263
10813,"Inferior colliculus, central nucleus",ICc,10812.0,6.0,5120.0,0.562953125,9094.895778400733
10814,"Inferior colliculus, dorsal nucleus",ICd,10812.0,6.0,8565.0,0.661171875,12954.271534916696
10815,"Inferior colliculus, external nucleus",ICe,10812.0,6.0,8986.0,0.999203125,8993.166429498508
10816,Nucleus of the brachium of the inferior colliculus,NB,10807.0,5.0,276.0,0.04390625,6286.120996441281
10817,Nucleus sagulum,SAG,10807.0,5.0,16.0,0.04921875,325.07936507936506
10818,Parabigeminal nucleus,PBG,10807.0,5.0,7.0,0.02215625,315.9379407616361
10819,Midbrain trigeminal nucleus,MEV,10807.0,5.0,48.0,0.00465625,10308.724832214766
10820,Subcommissural organ,SCO,10807.0,5.0,32.0,0.007421875,4311.578947368421
10821,"Midbrain, motor related",MBmot,10806.0,4.0,48705.0,10.657703125,4569.9340119309245
10822,"Substantia nigra, reticular part",SNr,10821.0,5.0,514.0,0.774140625,663.9620546977495
10823,Ventral tegmental area,VTA,10821.0,5.0,656.0,0.21378125,3068.557228475369
10824,Paranigral nucleus,PN,10821.0,5.0,48.0,0.011125,4314.606741573034
10825,"Midbrain reticular nucleus, retrorubral area",RR,10821.0,5.0,191.0,0.069171875,2761.237858594985
10826,Midbrain reticular nucleus,MRN,10821.0,5.0,7334.0,2.569109375,2854.6857799699555
10830,"Superior colliculus, motor related",SCm,10821.0,5.0,15684.0,2.833859375,5534.501866381426
10831,"Superior colliculus, motor related, deep gray layer",SCdg,10830.0,6.0,2626.0,0.598640625,4386.605068775612
10832,"Superior colliculus, motor related, deep white layer",SCdw,10830.0,6.0,525.0,0.167015625,3143.418467583497
10833,"Superior colliculus, motor related, intermediate white layer",SCiw,10830.0,6.0,5499.0,1.047703125,5248.62422262986
10834,"Superior colliculus, motor related, intermediate gray layer",SCig,10830.0,6.0,7034.0,1.0205,6892.699657030868
10838,Periaqueductal gray,PAG,10821.0,5.0,16720.0,2.3488125,7118.490726697
10839,Precommissural nucleus,PRC,10838.0,6.0,1188.0,0.085609375,13876.984851250229
10840,Interstitial nucleus of Cajal,INC,10838.0,6.0,263.0,0.039921875,6587.866927592954
10841,Nucleus of Darkschewitsch,ND,10838.0,6.0,434.0,0.0458125,9473.396998635744
10842,Supraoculomotor periaqueductal gray,Su3,10838.0,6.0,173.0,0.021015625,8231.970260223048
10843,Pretectal region,PRT,10821.0,5.0,5635.0,1.03975,5419.572012503006
10844,Anterior pretectal nucleus,APN,10843.0,6.0,1466.0,0.63775,2298.706389651117
10845,Medial pretectal area,MPT,10843.0,6.0,390.0,0.022078125,17664.543524416134
10846,Nucleus of the optic tract,NOT,10843.0,6.0,1233.0,0.10275,12000.0
10847,Nucleus of the posterior commissure,NPC,10843.0,6.0,1351.0,0.144828125,9328.298629841407
10848,Olivary pretectal nucleus,OP,10843.0,6.0,365.0,0.029109375,12538.915727321524
10849,Posterior pretectal nucleus,PPT,10843.0,6.0,633.0,0.07215625,8772.628843655262
10850,Retroparafascicular nucleus,RPF,10843.0,6.0,197.0,0.031078125,6338.863750628456
10852,Cuneiform nucleus,CUN,10821.0,5.0,323.0,0.275609375,1171.9485231589092
10853,Red nucleus,RN,10821.0,5.0,753.0,0.394328125,1909.57720806752
10854,Oculomotor nucleus,III,10821.0,5.0,327.0,0.016375,19969.465648854963
10855,Medial accesory oculomotor nucleus,MA3,10821.0,5.0,55.0,0.007953125,6915.520628683694
10856,Edinger-Westphal nucleus,EW,10821.0,5.0,189.0,0.01525,12393.44262295082
10857,Trochlear nucleus,IV,10821.0,5.0,38.0,0.003640625,10437.768240343346
10858,Paratrochlear nucleus,Pa4,10821.0,5.0,42.0,0.0080625,5209.302325581395
10859,Ventral tegmental nucleus,VTN,10821.0,5.0,44.0,0.01909375,2304.418985270049
10860,Anterior tegmental nucleus,AT,10821.0,5.0,12.0,0.0215,558.139534883721
10861,Lateral terminal nucleus of the accessory optic tract,LT,10821.0,5.0,35.0,0.009015625,3882.149046793761
10862,Dorsal terminal nucleus of the accessory optic tract,DT,10821.0,5.0,25.0,0.00565625,4419.889502762431
10863,Medial terminal nucleus of the accessory optic tract,MT,10821.0,5.0,80.0,0.02146875,3726.3464337700143
10865,"Midbrain, behavioral state related",MBsta,10806.0,4.0,4824.0,0.921734375,5233.611906901053
10866,"Substantia nigra, compact part",SNc,10865.0,5.0,98.0,0.09890625,990.8372827804108
10867,Pedunculopontine nucleus,PPN,10865.0,5.0,607.0,0.445140625,1363.6140264663554
10868,Midbrain raphe nuclei,RAmb,10865.0,5.0,4119.0,0.3776875,10905.841469468807
10869,Interfascicular nucleus raphe,IF,10868.0,6.0,349.0,0.04428125,7881.439661256175
10870,Interpeduncular nucleus,IPN,10868.0,6.0,1257.0,0.18109375,6941.156169111303
10871,"Interpeduncular nucleus, rostral",IPR,10870.0,7.0,335.0,0.041,8170.731707317072
10872,"Interpeduncular nucleus, caudal",IPC,10870.0,7.0,265.0,0.035359375,7494.476358815732
10873,"Interpeduncular nucleus, apical",IPA,10870.0,7.0,132.0,0.01353125,9755.196304849884
10874,"Interpeduncular nucleus, lateral",IPL,10870.0,7.0,75.0,0.030984375,2420.574886535552
10875,"Interpeduncular nucleus, intermediate",IPI,10870.0,7.0,134.0,0.016328125,8206.698564593302
10876,"Interpeduncular nucleus, dorsomedial",IPDM,10870.0,7.0,107.0,0.009171875,11666.098807495742
10877,"Interpeduncular nucleus, dorsolateral",IPDL,10870.0,7.0,131.0,0.019015625,6889.071487263763
10878,"Interpeduncular nucleus, rostrolateral",IPRL,10870.0,7.0,32.0,0.009453125,3385.123966942149
10879,Rostral linear nucleus raphe,RL,10868.0,6.0,1064.0,0.029046875,36630.44647660032
10880,Central linear nucleus raphe,CLI,10868.0,6.0,217.0,0.04228125,5132.29859571323
10881,Dorsal nucleus raphe,DR,10868.0,6.0,1232.0,0.080984375,15212.811113254873
10882,Hindbrain,HB,10639.0,3.0,96372.0,23.88178125,4035.377386265943
10883,Pons,P,10882.0,4.0,43719.0,8.36934375,5223.707055884757
10884,"Pons, sensory related",P-sen,10883.0,5.0,5824.0,1.923828125,3027.297461928934
10885,Nucleus of the lateral lemniscus,NLL,10884.0,6.0,558.0,0.3621875,1540.6384814495254
10889,Principal sensory nucleus of the trigeminal,PSV,10884.0,6.0,558.0,0.55128125,1012.1875177144154
10890,Parabrachial nucleus,PB,10884.0,6.0,2643.0,0.560875,4712.279919768219
10891,Koelliker-Fuse subnucleus,KF,10890.0,7.0,410.0,0.087625,4679.029957203995
10902,Superior olivary complex,SOC,10884.0,6.0,2065.0,0.449484375,4594.153022560573
10903,"Superior olivary complex, periolivary region",POR,10902.0,7.0,1395.0,0.18303125,7621.64930851972
10904,"Superior olivary complex, medial part",SOCm,10902.0,7.0,38.0,0.097515625,389.6811408428137
10905,"Superior olivary complex, lateral part",SOCl,10902.0,7.0,632.0,0.1689375,3741.028486866445
10906,"Pons, motor related",P-mot,10883.0,5.0,21877.0,2.897453125,7550.4241332635875
10907,Barrington's nucleus,B,10906.0,6.0,66.0,0.007859375,8397.614314115308
10908,Dorsal tegmental nucleus,DTN,10906.0,6.0,262.0,0.051859375,5052.1241337752335
10910,Posterodorsal tegmental nucleus,PDTg,10906.0,6.0,42.0,0.02396875,1752.2816166883963
10911,Pontine central gray,PCG,10906.0,6.0,1585.0,0.27228125,5821.1867324687255
10912,Pontine gray,PG,10906.0,6.0,10339.0,0.4820625,21447.426422922337
10913,"Pontine reticular nucleus, caudal part",PRNc,10906.0,6.0,1730.0,1.174015625,1473.574936449419
10915,Supragenual nucleus,SG,10906.0,6.0,63.0,0.008765625,7187.1657754010685
10917,Supratrigeminal nucleus,SUT,10906.0,6.0,494.0,0.12978125,3806.405008427643
10918,Tegmental reticular nucleus,TRN,10906.0,6.0,6097.0,0.3451875,17662.864385297846
10919,Motor nucleus of trigeminal,V,10906.0,6.0,762.0,0.177078125,4303.185387805524
10920,Peritrigeminal zone,P5,10906.0,6.0,228.0,0.16075,1418.3514774494556
10921,Accessory trigeminal nucleus,Acs5,10906.0,6.0,4.0,0.007046875,567.6274944567627
10922,Parvicellular motor 5 nucleus,PC5,10906.0,6.0,177.0,0.03484375,5079.820627802691
10923,Intertrigeminal nucleus,I5,10906.0,6.0,28.0,0.021953125,1275.4448398576512
10924,"Pons, behavioral state related",P-sat,10883.0,5.0,5350.0,1.73153125,3089.7507625115054
10925,Superior central nucleus raphe,CS,10924.0,6.0,1766.0,0.30234375,5841.033591731266
10928,Locus ceruleus,LC,10924.0,6.0,44.0,0.00721875,6095.238095238095
10929,Laterodorsal tegmental nucleus,LDT,10924.0,6.0,894.0,0.10184375,8778.152807609697
10930,Nucleus incertus,NI,10924.0,6.0,434.0,0.053953125,8044.019693020562
10931,Pontine reticular nucleus,PRNr,10924.0,6.0,1777.0,1.181421875,1504.1197709328007
10932,Nucleus raphe pontis,RPO,10924.0,6.0,326.0,0.048015625,6789.456557110316
10933,Subceruleus nucleus,SLC,10924.0,6.0,8.0,0.013296875,601.6451233842538
10934,Sublaterodorsal nucleus,SLD,10924.0,6.0,101.0,0.0234375,4309.333333333333
10935,Medulla,MY,10882.0,4.0,52653.0,15.5124375,3394.244134746715
10936,"Medulla, sensory related",MY-sen,10935.0,5.0,14887.0,3.969296875,3750.5383116499697
10937,Area postrema,AP,10936.0,6.0,596.0,0.027203125,21909.24755887421
10938,Cochlear nuclei,CN,10936.0,6.0,1938.0,0.813140625,2383.3515881708654
10941,Dorsal cochlear nucleus,DCO,10938.0,7.0,251.0,0.305296875,822.1505706535646
10942,Ventral cochlear nucleus,VCO,10938.0,7.0,1687.0,0.50784375,3321.8878838225337
10943,Dorsal column nuclei,DCN,10936.0,6.0,832.0,0.207484375,4009.940507568341
10944,Cuneate nucleus,CU,10943.0,7.0,305.0,0.16653125,1831.4880840683056
10945,Gracile nucleus,GR,10943.0,7.0,527.0,0.040953125,12868.370850820298
10946,External cuneate nucleus,ECU,10936.0,6.0,387.0,0.1025625,3773.308957952468
10947,Nucleus of the trapezoid body,NTB,10936.0,6.0,277.0,0.077265625,3585.035389282103
10948,Nucleus of the solitary tract,NTS,10936.0,6.0,4923.0,0.425578125,11567.793809890958
10954,"Spinal nucleus of the trigeminal, caudal part",SPVC,10936.0,6.0,3844.0,0.84040625,4573.978358680697
10955,"Spinal nucleus of the trigeminal, interpolar part",SPVI,10936.0,6.0,1411.0,0.92325,1528.2967776875169
10956,"Spinal nucleus of the trigeminal, oral part",SPVO,10936.0,6.0,501.0,0.500953125,1000.093571629082
10962,Paratrigeminal nucleus,Pa5,10936.0,6.0,178.0,0.051453125,3459.459459459459
10964,"Medulla, motor related",MY-mot,10935.0,5.0,29861.0,8.74478125,3414.722352260097
10965,Abducens nucleus,VI,10964.0,6.0,72.0,0.015234375,4726.153846153847
10967,Facial motor nucleus,VII,10964.0,6.0,468.0,0.458765625,1020.1287422090528
10968,Accessory facial motor nucleus,ACVII,10964.0,6.0,9.0,0.00275,3272.727272727273
10970,Nucleus ambiguus,AMB,10964.0,6.0,40.0,0.021578125,1853.7291817523533
10971,"Nucleus ambiguus, dorsal division",AMBd,10970.0,7.0,19.0,0.010609375,1790.8689248895432
10972,"Nucleus ambiguus, ventral division",AMBv,10970.0,7.0,21.0,0.01096875,1914.5299145299143
10973,Dorsal motor nucleus of the vagus nerve,DMX,10964.0,6.0,1097.0,0.08703125,12604.667863554758
10975,Gigantocellular reticular nucleus,GRN,10964.0,6.0,2571.0,1.31015625,1962.361359570662
10976,Infracerebellar nucleus,ICB,10964.0,6.0,0.0,0.02690625,0.0
10977,Inferior olivary complex,IO,10964.0,6.0,1243.0,0.25446875,4884.686233574849
10978,Intermediate reticular nucleus,IRN,10964.0,6.0,4591.0,1.38815625,3307.2645820670405
10979,Inferior salivatory nucleus,ISN,10964.0,6.0,24.0,0.00359375,6678.260869565217
10980,Linear nucleus of the medulla,LIN,10964.0,6.0,147.0,0.030828125,4768.373035985808
10981,Lateral reticular nucleus,LRN,10964.0,6.0,1176.0,0.284796875,4129.258791902123
10982,"Lateral reticular nucleus, magnocellular part",LRNm,10981.0,7.0,1164.0,0.256109375,4544.933195046063
10983,"Lateral reticular nucleus, parvicellular part",LRNp,10981.0,7.0,12.0,0.0286875,418.3006535947712
10984,Magnocellular reticular nucleus,MARN,10964.0,6.0,711.0,0.267015625,2662.7655216806133
10985,Medullary reticular nucleus,MDRN,10964.0,6.0,2928.0,1.015984375,2881.93408486228
10986,"Medullary reticular nucleus, dorsal part",MDRNd,10985.0,7.0,1759.0,0.54640625,3219.216471261081
10987,"Medullary reticular nucleus, ventral part",MDRNv,10985.0,7.0,1169.0,0.469578125,2489.468605463681
10988,Parvicellular reticular nucleus,PARN,10964.0,6.0,5104.0,1.121953125,4549.2096650651065
10989,Parasolitary nucleus,PAS,10964.0,6.0,98.0,0.013953125,7023.516237402016
10990,Paragigantocellular reticular nucleus,PGRN,10964.0,6.0,1630.0,0.474515625,3435.08182686292
10991,"Paragigantocellular reticular nucleus, dorsal part",PGRNd,10990.0,7.0,690.0,0.1194375,5777.080062794348
10992,"Paragigantocellular reticular nucleus, lateral part",PGRNl,10990.0,7.0,940.0,0.355078125,2647.304730473047
10993,Perihypoglossal nuclei,PHY,10964.0,6.0,2794.0,0.135953125,20551.201011378
10995,Nucleus of Roller,NR,10993.0,7.0,128.0,0.015234375,8402.051282051283
10996,Nucleus prepositus,PRP,10993.0,7.0,2666.0,0.12071875,22084.39037017862
10998,Parapyramidal nucleus,PPY,10964.0,6.0,71.0,0.047296875,1501.1562603237528
11001,Vestibular nuclei,VNC,10964.0,6.0,3962.0,1.603921875,2470.1951271784983
11002,Lateral vestibular nucleus,LAV,11001.0,7.0,30.0,0.14403125,208.28813191581688
11003,Medial vestibular nucleus,MV,11001.0,7.0,3128.0,0.908359375,3443.570998537886
11004,Spinal vestibular nucleus,SPIV,11001.0,7.0,707.0,0.374609375,1887.2992700729928
11005,Superior vestibular nucleus,SUV,11001.0,7.0,97.0,0.176921875,548.2645941888192
11006,Nucleus x,x,10964.0,6.0,83.0,0.028453125,2917.0785282811644
11007,Hypoglossal nucleus,XII,10964.0,6.0,1022.0,0.13971875,7314.694699172444
11008,Nucleus y,y,10964.0,6.0,20.0,0.01175,1702.127659574468
11010,"Medulla, behavioral state related",MY-sat,10935.0,5.0,951.0,0.124921875,7612.757973733584
11011,Nucleus raphe magnus,RM,11010.0,6.0,398.0,0.065796875,6048.919496556637
11012,Nucleus raphe pallidus,RPA,11010.0,6.0,465.0,0.037421875,12425.8872651357
11013,Nucleus raphe obscurus,RO,11010.0,6.0,88.0,0.021703125,4054.71562275018
11014,Cerebellum,CB,10001.0,2.0,38007.0,26.954421875,1410.0469368720228
11015,Cerebellar cortex,CBX,11014.0,3.0,36881.0,25.6495,1437.8837794109047
11019,Vermal regions,VERM,11015.0,4.0,20233.0,10.172,1989.0876917027133
11020,Lingula (I),LING,11019.0,5.0,168.0,0.06121875,2744.2572741194485
11024,Central lobule,CENT,11019.0,5.0,3871.0,2.047734375,1890.3819007287016
11025,Lobule II,CENT2,11024.0,6.0,1890.0,0.6715,2814.5941921072226
11029,Lobule III,CENT3,11024.0,6.0,1981.0,1.376234375,1439.435052623213
11033,Culmen,CUL,11019.0,5.0,4496.0,3.371953125,1333.3518685850652
11042,Lobules IV-V,"CUL4, 5",11033.0,6.0,4496.0,3.371953125,1333.3518685850652
11046,Declive (VI),DEC,11019.0,5.0,4295.0,1.671640625,2569.3321493667336
11050,Folium-tuber vermis (VII),FOTU,11019.0,5.0,1205.0,0.529578125,2275.39609948957
11054,Pyramus (VIII),PYR,11019.0,5.0,1615.0,0.62671875,2576.913487908252
11058,Uvula (IX),UVU,11019.0,5.0,2309.0,1.10084375,2097.482045022284
11062,Nodulus (X),NOD,11019.0,5.0,2274.0,0.7623125,2983.028613593506
11066,Hemispheric regions,HEM,11015.0,4.0,16648.0,15.4775,1075.6259085769666
11067,Simple lobule,SIM,11066.0,5.0,3420.0,2.84803125,1200.8295203923765
11071,Ansiform lobule,AN,11066.0,5.0,6117.0,5.403171875,1132.1127925437315
11072,Crus 1,ANcr1,11071.0,6.0,3172.0,2.84675,1114.2530956353737
11076,Crus 2,ANcr2,11071.0,6.0,2945.0,2.556421875,1152.0007823434855
11080,Paramedian lobule,PRM,11066.0,5.0,1920.0,2.441046875,786.5477798331914
11084,Copula pyramidis,COPY,11066.0,5.0,291.0,1.25290625,232.25999551043824
11088,Paraflocculus,PFL,11066.0,5.0,2487.0,2.864359375,868.256972817875
11092,Flocculus,FL,11066.0,5.0,2413.0,0.667984375,3612.359944796613
11096,Cerebellar nuclei,CBN,11014.0,3.0,65.0,0.89165625,72.89804787439105
11097,Fastigial nucleus,FN,11096.0,4.0,41.0,0.2503125,163.7952559300874
11098,Interposed nucleus,IP,11096.0,4.0,19.0,0.430734375,44.11071208328799
11099,Dentate nucleus,DN,11096.0,4.0,2.0,0.16809375,11.898122327570182
11100,Vestibulocerebellar nucleus,VeCB,11096.0,4.0,3.0,0.042515625,70.56229327453141
11101,fiber tracts,fiber tracts,10000.0,1.0,81479.0,23.49321875,3468.192284209672
11102,cranial nerves,cm,11101.0,2.0,42117.0,6.183671875,6811.001756137004
11104,vomeronasal nerve,von,11102.0,3.0,139.0,0.006671875,20833.723653395784
11105,olfactory nerve,In,11102.0,3.0,28824.0,2.9885,9644.97239417768
11106,olfactory nerve layer of main olfactory bulb,onl,11105.0,4.0,22877.0,2.076671875,11016.184249136611
11107,"lateral olfactory tract, general",lotg,11105.0,4.0,4586.0,0.5313125,8631.455122926714
11108,"lateral olfactory tract, body",lot,11107.0,5.0,3931.0,0.45278125,8681.896611222306
11109,dorsal limb,lotd,11107.0,5.0,655.0,0.07853125,8340.628730600876
11111,"anterior commissure, olfactory limb",aco,11105.0,4.0,1361.0,0.380515625,3576.7256600829464
11112,optic nerve,IIn,11102.0,3.0,3473.0,0.653859375,5311.539656367242
11114,brachium of the superior colliculus,bsc,11112.0,4.0,308.0,0.09996875,3080.962800875274
11115,superior colliculus commissure,csc,11112.0,4.0,110.0,0.014125,7787.610619469026
11116,optic chiasm,och,11112.0,4.0,2207.0,0.154703125,14266.033733966266
11117,optic tract,opt,11112.0,4.0,377.0,0.34959375,1078.394565120229
11119,oculomotor nerve,IIIn,11102.0,3.0,698.0,0.105359375,6624.944386771466
11120,medial longitudinal fascicle,mlf,11119.0,4.0,532.0,0.07428125,7161.968868321414
11121,posterior commissure,pc,11119.0,4.0,166.0,0.027015625,6144.592249855407
11122,trochlear nerve,IVn,11102.0,3.0,15.0,0.00353125,4247.787610619469
11125,trigeminal nerve,Vn,11102.0,3.0,4502.0,1.193390625,3772.444584102544
11126,motor root of the trigeminal nerve,moV,11125.0,4.0,89.0,0.029765625,2990.02624671916
11127,sensory root of the trigeminal nerve,sV,11125.0,4.0,4413.0,1.163625,3792.458910731551
11129,spinal tract of the trigeminal nerve,sptV,11127.0,5.0,3102.0,0.815421875,3804.1657884147394
11130,facial nerve,VIIn,11102.0,3.0,40.0,0.05403125,740.3123192596877
11132,genu of the facial nerve,gVIIn,11130.0,4.0,20.0,0.014421875,1386.7822318526544
11133,vestibulocochlear nerve,VIIIn,11102.0,3.0,2198.0,0.83034375,2647.09645854503
11135,vestibular nerve,vVIIIn,11133.0,4.0,114.0,0.125234375,910.293200249532
11136,cochlear nerve,cVIIIn,11133.0,4.0,2084.0,0.705109375,2955.569836239945
11137,trapezoid body,tb,11136.0,5.0,649.0,0.15096875,4298.902918650382
11139,dorsal acoustic stria,das,11136.0,5.0,0.0,0.006046875,0.0
11140,lateral lemniscus,ll,11136.0,5.0,791.0,0.416953125,1897.095746674161
11141,inferior colliculus commissure,cic,11136.0,5.0,94.0,0.009046875,10390.328151986185
11142,brachium of the inferior colliculus,bic,11136.0,5.0,550.0,0.12209375,4504.735090862554
11144,vagus nerve,Xn,11102.0,3.0,29.0,0.004671875,6207.357859531773
11145,solitary tract,ts,11144.0,4.0,29.0,0.004671875,6207.357859531773
11149,dorsal roots,drt,11102.0,3.0,2199.0,0.3433125,6405.243036592025
11150,cervicothalamic tract,cett,11149.0,4.0,2199.0,0.3433125,6405.243036592025
11155,dorsal column,dc,11150.0,5.0,63.0,0.011109375,5670.886075949367
11156,cuneate fascicle,cuf,11155.0,6.0,63.0,0.011109375,5670.886075949367
11159,medial lemniscus,ml,11150.0,5.0,2136.0,0.332203125,6429.801044165373
11171,cerebellum related fiber tracts,cbf,11101.0,2.0,4695.0,4.909875,956.2361567249676
11172,cerebellar commissure,cbc,11171.0,3.0,9.0,0.03396875,264.94940202391905
11173,cerebellar peduncles,cbp,11171.0,3.0,2917.0,1.41009375,2068.656782572081
11174,superior cerebelar peduncles,scp,11173.0,4.0,829.0,0.430109375,1927.4167181312887
11175,superior cerebellar peduncle decussation,dscp,11174.0,5.0,75.0,0.024328125,3082.8516377649325
11177,uncinate fascicle,uf,11174.0,5.0,32.0,0.04246875,753.495217071376
11178,ventral spinocerebellar tract,sctv,11174.0,5.0,132.0,0.142875,923.8845144356956
11179,middle cerebellar peduncle,mcp,11173.0,4.0,1437.0,0.54575,2633.0737517178195
11180,inferior cerebellar peduncle,icp,11173.0,4.0,651.0,0.434234375,1499.1903853765607
11181,dorsal spinocerebellar tract,sctd,11180.0,5.0,1.0,0.07353125,13.599660008499786
11188,arbor vitae,arb,11171.0,3.0,1769.0,3.4658125,510.41422465872
11189,supra-callosal cerebral white matter,scwm,11101.0,2.0,2365.0,0.538359375,4392.9763459584965
11190,lateral forebrain bundle system,lfbs,11101.0,2.0,16481.0,6.942875,2373.8004789082333
11191,corpus callosum,cc,11190.0,3.0,10669.0,3.907078125,2730.685094759911
11192,"corpus callosum, anterior forceps",fa,11191.0,4.0,3518.0,0.864375,4069.99276934201
11193,external capsule,ec,11192.0,5.0,2566.0,0.436546875,5877.94838755861
11194,"corpus callosum, extreme capsule",ee,11191.0,4.0,394.0,0.04675,8427.807486631016
11195,genu of corpus callosum,ccg,11191.0,4.0,1033.0,0.416328125,2481.215987990242
11196,"corpus callosum, posterior forceps",fp,11191.0,4.0,855.0,0.68109375,1255.3337921541638
11198,"corpus callosum, body",ccb,11191.0,4.0,3984.0,1.52390625,2614.334051061212
11199,"corpus callosum, splenium",ccs,11191.0,4.0,885.0,0.374625,2362.3623623623625
11200,corticospinal tract,cst,11190.0,3.0,1761.0,1.84884375,952.4871963896354
11201,internal capsule,int,11200.0,4.0,347.0,1.0495,330.6336350643163
11202,cerebal peduncle,cpd,11200.0,4.0,142.0,0.441328125,321.7560630200035
11207,pyramid,py,11200.0,4.0,452.0,0.2803125,1612.4860646599775
11208,pyramidal decussation,pyd,11200.0,4.0,60.0,0.035671875,1681.9973718791066
11211,thalamus related,lfbst,11190.0,3.0,4051.0,1.186953125,3412.9401698150464
11212,external medullary lamina of the thalamus,em,11211.0,4.0,41.0,0.055609375,737.2857544254003
11216,optic radiation,or,11211.0,4.0,2904.0,0.92809375,3128.994242230378
11217,auditory radiation,ar,11211.0,4.0,1106.0,0.20325,5441.574415744158
11218,extrapyramidal fiber systems,eps,11101.0,2.0,2174.0,0.61603125,3529.0417490995787
11219,cerebral nuclei related,epsc,11218.0,3.0,101.0,0.0563125,1793.562708102109
11221,nigrostriatal tract,nst,11219.0,4.0,101.0,0.0563125,1793.562708102109
11226,tectospinal pathway,tsp,11218.0,3.0,1046.0,0.256890625,4071.771790037103
11227,direct tectospinal pathway,tspd,11226.0,4.0,0.0,1.5625e-05,0.0
11228,doral tegmental decussation,dtd,11226.0,4.0,47.0,0.0035625,13192.982456140351
11229,crossed tectospinal pathway,tspc,11226.0,4.0,999.0,0.2533125,3943.7453737971873
11230,rubrospinal tract,rust,11218.0,3.0,1027.0,0.302828125,3391.362674784583
11231,ventral tegmental decussation,vtd,11230.0,4.0,239.0,0.01896875,12599.670510708402
11238,medial forebrain bundle system,mfbs,11101.0,2.0,11101.0,3.52559375,3148.689493790939
11239,cerebrum related,mfbc,11238.0,3.0,9161.0,3.11459375,2941.314577543219
11240,amygdalar capsule,amc,11239.0,4.0,626.0,0.080890625,7738.8448908634355
11242,"anterior commissure, temporal limb",act,11239.0,4.0,301.0,0.10659375,2823.805335678687
11243,cingulum bundle,cing,11239.0,4.0,2135.0,0.633171875,3371.912247365693
11244,fornix system,fxs,11239.0,4.0,5589.0,2.1231875,2632.3628977657418
11245,alveus,alv,11244.0,5.0,1933.0,0.696984375,2773.376375905127
11246,dorsal fornix,df,11244.0,5.0,0.0,0.019,0.0
11247,fimbria,fi,11244.0,5.0,2724.0,0.757359375,3596.707309525284
11250,postcommissural fornix,fxpo,11244.0,5.0,587.0,0.13875,4230.630630630631
11251,medial corticohypothalamic tract,mct,11250.0,6.0,14.0,0.004,3500.0
11252,columns of the fornix,fx,11250.0,6.0,573.0,0.13475,4252.319109461966
11253,hippocampal commissures,hc,11244.0,5.0,345.0,0.51109375,675.0229287679608
11254,dorsal hippocampal commissure,dhc,11253.0,6.0,281.0,0.4776875,588.2506869030485
11255,ventral hippocampal commissure,vhc,11253.0,6.0,64.0,0.03340625,1915.8091674462116
11259,stria terminalis,st,11239.0,4.0,510.0,0.17075,2986.822840409956
11260,commissural branch of stria terminalis,stc,11259.0,5.0,114.0,0.017765625,6416.88654353562
11261,hypothalamus related,mfsbshy,11238.0,3.0,1940.0,0.411,4720.194647201947
11262,medial forebrain bundle,mfb,11261.0,4.0,136.0,0.0249375,5453.634085213032
11265,supraoptic commissures,sup,11261.0,4.0,18.0,0.012953125,1389.6260554885405
11277,mammillary related,mfbsma,11261.0,4.0,790.0,0.130125,6071.085494716619
11278,principal mammillary tract,pm,11277.0,5.0,156.0,0.01675,9313.432835820897
11279,mammillothalamic tract,mtt,11277.0,5.0,243.0,0.0643125,3778.425655976677
11280,mammillotegmental tract,mtg,11277.0,5.0,362.0,0.032859375,11016.64289110794
11281,mammillary peduncle,mp,11277.0,5.0,29.0,0.016203125,1789.7782063645132
11284,epithalamus related,mfbse,11261.0,4.0,996.0,0.242984375,4099.029001350395
11285,stria medullaris,sm,11284.0,5.0,537.0,0.135375,3966.759002770083
11286,fasciculus retroflexus,fr,11284.0,5.0,158.0,0.08365625,1888.6813597310424
11287,habenular commissure,hbc,11284.0,5.0,301.0,0.023953125,12566.2100456621
11292,ventricular systems,VS,10000.0,1.0,32897.0,3.015375,10909.754176512042
11293,lateral ventricle,VL,11292.0,2.0,18742.0,1.853171875,10113.470991458902
11295,subependymal zone,SEZ,11293.0,3.0,389.0,0.068828125,5651.759364358683
11296,choroid plexus,chpl,11293.0,3.0,9597.0,0.727828125,13185.80537128872
11299,third ventricle,V3,11292.0,2.0,6204.0,0.4666875,13293.69224588188
11300,cerebral aqueduct,AQ,11292.0,2.0,3810.0,0.209484375,18187.513985231595
11301,fourth ventricle,V4,11292.0,2.0,4134.0,0.4855625,8513.837044664693
11302,lateral recess,V4r,11301.0,3.0,712.0,0.231765625,3072.069035259219
11303,"central canal, spinal cord/medulla",c,11292.0,2.0,7.0,0.00046875,14933.333333333334
